,x1,x2,y
0,-2.9023367434138385,2.9014058294640366,-7.6583088299462165
1,-3.6601426021133694,2.2949085412487706,-9.042351441223998
2,-4.811521819648558,2.2328802348994436,-11.949824583151008
3,-4.824333106903852,2.339907611403403,-12.519255615651412
4,-4.75777625550001,2.835978184840685,-27.721252837200396
5,-5.094401681476728,1.8212474073810985,-12.507464000855208
6,-5.123839361637608,2.1994759471637333,-13.066080536467284
7,-5.4188055348976,2.029204933207949,-13.885859228645069
8,-4.458510622618546,2.9261143152550306,-11.826034188733129
9,-4.809535093653592,2.9728789107320797,-12.7934359929014
10,-5.626090486093387,1.8598472820084675,-14.508764298029162
11,-4.508280401917984,2.05646958698735,-10.086688347495599
12,-4.334129867033027,2.7831969330451543,-11.560142617093117
13,-4.621743302265235,2.64670219357546,-12.45061886096271
14,-4.947169896255249,2.149509643461673,-12.006995879100849
15,-5.307116613274091,1.5790542591790624,-13.381315311917508
16,-5.006205529345115,2.018364004585923,-12.144929589555929
17,-4.375589723131989,2.888079116592322,-11.474518939544117
18,-5.88135566936671,1.6640772299903681,-15.454393689355935
19,-5.148600835902872,2.3489125356474703,-12.563938560562008
20,-4.067446476537183,2.584688766753473,-11.249367410328478
21,-4.110299117648435,2.3162672994855313,-10.792627567726333
22,-5.881441231644306,2.0822646185049893,-14.69624832114482
23,-4.863358562106197,2.1028073864383185,-31.275666566261854
24,-5.1237667187688025,2.0824389055499237,-12.888247211822751
25,-4.5649834729799865,1.8291982999136989,-11.233936047354671
26,-4.738489908244919,1.6502270861092119,-12.842527730441544
27,-7.0455325795664665,3.2710890562131176,-17.357678606461302
28,-4.326496797340072,2.2417591891603488,-11.269006853630884
29,-5.189773723580412,1.5235005079341128,-32.07489071549393
30,-4.600164741773631,1.7578764364320354,-11.10568615556291
31,-5.064293480238014,2.212698461869835,-12.009751467728771
32,-5.376167876260203,2.6733965950409604,-14.093222580503197
33,-5.171248108383844,1.635138502456176,-12.802156219813114
34,-5.662802828454289,1.97168638656004,-13.741563475178875
35,-4.618851304360263,3.109868634961991,-31.269697739737275
36,-4.573862622574057,2.0780799543870976,-12.049811442158365
37,-3.449874092857593,-0.2697278575417936,-8.233127657117892
38,-5.4160899670095946,1.6028226972071222,-14.631463656495571
39,-4.529463481448634,1.7199825754131175,-11.080051486456531
40,-4.979150256180633,1.701222107549735,-12.465163749695993
41,-4.337544172362219,1.5867692385107688,-10.668155145530742
42,-4.95238409563237,2.236523347723259,-12.26729641830092
43,-5.94646623528217,1.6270110918964922,-15.13271504930193
44,-5.080168005487252,1.6508991383912042,-12.912024556247466
45,-4.410426254027787,2.5099909701178573,-11.0771346011247
46,-5.377957562234153,2.411780048778762,-13.601793197863566
47,-4.506350307867261,2.659665303240554,-11.716266958641024
48,-5.82357583742247,2.015947517817354,-14.276942836446036
49,-5.691276486339696,1.1716520076096915,-14.042989969600491
50,-3.7380978917666288,2.3165550304867213,-10.127933492551753
51,-5.720691286129735,2.0229441512537543,-14.31612496492686
52,-5.407548490093556,1.8208652292227503,-13.583745229042066
53,-3.8892025812942945,2.2354495360099773,-8.868927448517251
54,-5.488314755637291,1.754821473908361,-14.708048051013343
55,-5.61646172815988,1.866464032068408,-33.580332741594816
56,-3.942948888911464,2.02735340642508,-10.117454028265314
57,-5.662320981647195,1.8794179645822149,-14.349976831235553
58,-5.428487795722151,1.8627434557509865,-14.177877624041965
59,-5.479765966634746,2.2373218580906413,-13.997296880379544
60,-4.298483821848706,2.4812099500711313,-9.956185652621155
61,-5.818678804874438,1.6864015553861003,-14.958741237080593
62,-4.620654822480233,2.121214024570247,-11.703523977034338
63,-5.311297143298053,2.046745233117233,-12.934799181022795
64,-3.543320000690652,2.75098815596176,-9.548858821079609
65,-7.023750469778228,0.181842223127604,-17.119447568775005
66,-5.14047593751602,2.4729817886047156,-12.102811048754342
67,-3.791878232173427,2.620960790442711,-9.976074546131631
68,-4.667979692612525,2.057756622822476,-12.189607558379059
69,-4.807672183018728,1.6542152089526132,-11.989399731026861
70,-4.807887531949791,2.1395658500965467,-12.361224283269456
71,-4.612865521942181,2.248585318375113,-11.955811143563349
72,-5.353083616555373,1.8576786206395948,-13.152682782296123
73,-5.383154943569388,1.6411397770178868,-13.220569850462427
74,-6.739704031157347,1.610169233961844,-16.118325522918116
75,-3.6916492163062147,2.2098553003930532,-9.572050301682582
76,-5.1651299254483245,1.777432295790253,-31.44620095157262
77,-5.3726812871791845,1.979756624307745,-13.852348645388906
78,-5.664725393980899,1.8193566404798907,-14.44628524053147
79,-4.6725501951063615,2.3926671564032604,-12.022298329994424
80,-5.204775455187019,1.8739312696722312,-12.82433801543678
81,-5.73519405943862,1.7097288872302916,-14.439922809399873
82,-4.531091571489717,1.7904338411036533,-11.408346091571374
83,-4.729820610817943,2.204191908175365,-11.359743627562523
84,-5.332499266371722,1.896048897163343,-13.774571571664938
85,-4.376512241319336,1.9980961156141783,-11.020196633988768
86,-4.185359022558179,2.286434209387862,-11.111258193344012
87,-4.94964863572113,2.006413069180878,-28.38249266338387
88,-5.40258776162001,2.156871466118789,-12.843944184064506
89,-4.975428567026425,1.4958464849802189,-11.665553465330133
90,-4.720162615066021,2.01648263613968,-12.705277633701897
91,-4.598060630412429,2.1251325530321643,-11.45067098391668
92,-5.526506450442494,1.836894680322885,-13.016848101191442
93,-6.184179944761701,1.7684185712818854,-15.765574006449594
94,-4.649076759599512,2.162843731283481,-11.889302343428042
95,-5.889162740286062,1.5990301265350448,-14.502256848863396
96,-4.286857058100372,2.1940904505888468,-11.357237737136058
97,-5.049053148914134,1.5149945435449939,-12.96612183875455
98,-4.858767472254839,2.124174720554449,-12.712059705542675
99,-4.773292321546592,2.079751005612372,-11.15327026435295
100,-4.844466249429055,2.131777540450714,-12.475390392602625
101,-5.170604299314998,2.2770529672156092,-13.450982927044567
102,-4.113095557122677,1.980519818171307,-11.322247444604738
103,-4.453360402687139,2.706543352939956,-11.24553986126213
104,-5.294111635465788,1.969840494183796,-12.96231342135402
105,-2.7637039061335136,2.8115976784550165,-6.92152511198712
106,-4.885067231337316,2.3959584225392487,-12.425167593765114
107,-2.4986404446459654,2.554161570979507,-6.503919062757166
108,-5.598549931781237,1.5329079169373172,-14.183004979971955
109,-5.592379322188186,1.9791741088986958,-13.95410348586953
110,-4.031228351895044,1.958262037298514,-10.344686219650772
111,-4.829476835254884,2.0148761973500573,-12.300084569631055
112,-4.7236967439439255,2.2552197360178723,-11.802183688611137
113,-6.199792812960781,1.460470360098061,-14.62525345998566
114,-4.896930913537025,2.374226261484945,-12.231371759111763
115,-4.194582975798068,2.5879654784966535,-11.025588584542932
116,-4.793556083825705,2.7116406276601706,-13.063876904712634
117,-5.753866648689003,1.763720215759694,-14.18481367574013
118,-4.758292950039435,2.0685206705997636,-12.94610583879339
119,-5.5792403801663655,2.041611284057953,-14.204144264880485
120,-6.201427633332604,0.7462082513988999,-16.33815678899312
121,-5.0504554781816395,1.4403795444558,-12.876923809842186
122,-5.379318922678125,1.8998859346725752,-13.262197488912784
123,-4.253669177237484,2.8182254319342444,-11.483947161075701
124,-5.412715806440698,1.6213996802183182,-13.83014437633199
125,-5.904214529035118,1.273971179370312,-14.753758921500186
126,-4.1392642696203845,1.5356592201693278,-10.529134257017219
127,-4.272707571494088,2.3128324647645493,-11.166853882676385
128,-5.160838190558271,2.036000593771038,-12.887403784434033
129,-4.256486612189665,2.8076767347041414,-10.83572166392712
130,-5.246857202444239,2.0317283908568267,-13.046892354610724
131,-5.8260607726205915,1.3529877345830124,-13.582155809870464
132,-5.551562640252015,-1.8527934561129635,-13.15459205026786
133,-5.363722647559554,2.123048500059196,-12.719898948880697
134,-4.031465794794771,2.1281854273329013,-10.192002355572516
135,-4.4699128649196895,1.9081531729761907,-11.203528353888021
136,-5.377058946204722,2.4621142693920426,-13.415865639333232
137,-6.613997863753818,0.48769239209340287,-16.29743248878008
138,-4.165618788226216,2.2522650291390565,-10.025941841596797
139,-4.067102352411754,2.688798488897061,-11.27903008030679
140,-4.629298618651287,1.955977437916902,-12.402931457532453
141,-5.855286350973708,1.3191008223327856,-14.198016137917987
142,-4.788513386534101,2.4788458147121974,-12.139712258561815
143,-3.9712030332565558,2.171446273909503,-10.645891125145896
144,-5.445288142050019,1.3997849131860889,-13.50631428655169
145,-4.766159876881529,1.8760413831170313,-11.56920470057707
146,-4.803373349230387,1.9675591694301162,-12.591024261587854
147,-4.740510738799522,1.480562865681015,-11.521205254251337
148,-4.480892699717754,2.0781518570879243,-11.908683533216246
149,-4.67414362006496,1.6584708456973662,-11.99322391021101
150,-5.0127255179950145,1.504880412614637,-13.539112810343127
151,-4.677567392157379,2.3344005474507323,-12.01225324463582
152,-4.826388152529949,1.9714347647967625,-12.672635895363097
153,-5.282919633358975,1.780021804790834,-13.514271963511144
154,-5.263201353897843,2.0585347693704,-12.820461544481493
155,-5.573711693410212,1.1051804701860823,-14.069354044458697
156,-5.3325937652072115,1.4904649415920872,-13.44818179873612
157,-4.223489960880498,2.3545169742811165,-9.980116090616322
158,-5.058469206454223,2.6844845521571763,-12.556367961982687
159,-4.744502325291657,1.9935981420940514,-12.481603746909366
160,-4.766565124680766,1.7034431023168612,-11.705675414125526
161,-5.367186549083571,1.7613213655953879,-13.18054645551801
162,-5.529927363954627,1.5219902390753495,-13.775868716223323
163,-4.961660051773767,1.7507720772300854,-11.757774536450889
164,-4.575428740411858,2.5268026263732195,-11.238809320649327
165,-5.193935193005339,2.0282127464278017,-13.31590999939988
166,-5.1945823873420425,1.692109969983885,-13.151306699887979
167,-7.809480434511088,1.1377718005593795,-18.945123617767294
168,-5.378273625633832,1.7231611649464034,-14.375380896762213
169,-5.199022522426077,2.1902998546909966,-13.46657061220807
170,-5.994454372931513,1.7176457454807634,-14.66414192816788
171,-6.270791111780644,1.748668039655763,-16.338835849871632
172,-4.461224372521284,2.320815804072178,-11.707497228322103
173,-6.136481871268639,1.8655395284852736,-15.735030225356114
174,-5.478070732705511,1.4399466334845108,-13.41439423615028
175,-5.710911729448382,1.9576904416339338,-32.60546500131813
176,-5.343079692554431,1.5937296681367605,-12.959332633758072
177,-4.443679205730835,1.9344486797923905,-11.149535284559235
178,-4.307826665605164,1.7612465298085513,-27.814005646761903
179,-4.431951411998286,2.07817762854668,-11.270937425222323
180,-2.3860854790076083,1.46023762807053,-6.8446168113764285
181,-6.1602676417044036,1.2509015891614075,-15.087352682988374
182,-3.040719354190536,2.1952808434638094,-7.819061503334353
183,-4.64479061167397,1.921416603711032,-11.576267227837862
184,-5.239229467743983,1.9165031460229744,-12.999220241807912
185,-5.907437815892936,0.6275392105557303,-14.781724554407907
186,-5.383827215920584,1.6695792028521943,-33.290438710425356
187,-5.204044905251134,2.2645327146127645,-12.349404386992639
188,-5.74554431503328,1.5210033598614723,-15.168600753278069
189,-5.139308578692473,1.412863785656226,-12.617195385066543
190,-4.060610867052578,1.8749634557309485,-10.67662728521666
191,-5.123922593947202,1.344346797072428,-12.488800743647232
192,-5.697928059202386,1.8477567128501202,-14.982701399778419
193,-5.320491035146221,2.8026729459581703,-14.031242418601481
194,-5.079197692706825,5.81304456769669,-13.885981740060211
195,-4.311641007922088,2.2225029827042415,-10.556794489809736
196,-5.850004314359481,1.603492500088282,-15.324158522659642
197,-4.0676149643706045,2.060829087153437,-9.315991358551742
198,-5.494133528932485,1.8883686491089273,-14.31947856111565
199,-4.15509874507435,3.2301382490040735,-10.875610738141122
200,0.8647694904179889,4.606143346609279,15.60860169690954
201,0.6799734331410479,4.263786990538226,15.27665121889225
202,-0.19628850524614216,3.595578309894178,13.42881110320585
203,0.8928691724645568,4.310309502850297,14.057071831044915
204,0.45038818358826926,1.6627227381172807,5.311472986022752
205,0.6732798544151294,7.545337282168845,27.692164181700587
206,0.036032262851128594,5.7561993081369565,21.219504445252337
207,1.2194261601200633,5.352228682144363,18.248189000307303
208,0.9108016805317598,4.182160529620774,14.972424065401416
209,0.7543517667383368,5.574508882886752,20.072790227115465
210,-0.41951512224152243,2.745776190415036,11.351328140557447
211,0.4257445875000043,4.715377226221035,17.2649249753945
212,0.0782110850624535,5.325233704823123,20.117104372256936
213,0.8190849569149674,6.5677484149281335,23.604842643230956
214,0.3917749542459369,5.869036531457457,22.333849137015445
215,-0.67963421245987,3.241495736273198,13.25253415860716
216,0.4727099483509815,4.932998097933386,17.47545856741648
217,1.2624211288286826,6.392098786428865,22.20844984492121
218,0.6564368673631842,5.653212590554325,20.203474777177146
219,0.12378154097567284,5.205925468612949,20.499080108684826
220,0.04049690250471505,4.200978217376161,16.727209819132913
221,0.13366993529353505,3.9515295562755464,14.626909210346884
222,0.5599151248457387,4.134099545406016,14.133602808327915
223,1.9663558354090287,4.083141156325723,11.130637212248823
224,0.9124223572965282,4.5677403134252526,15.684811292635544
225,0.6457221370043044,5.03861045915893,18.35754558636794
226,0.4585922545172476,3.9483530615948577,14.491545137215237
227,0.7406552496342818,5.763227328947444,20.56828736232594
228,-0.10513534102946043,3.0957631386543487,12.496603862388008
229,0.5577290396745639,4.835811222074125,16.401435007425068
230,0.6461265462514332,5.439028291227685,19.498117965105212
231,-0.08500802721719636,4.538726640998153,18.419743868730464
232,0.3110423334511512,3.608038950490543,13.618124876442918
233,0.6055671542770072,4.758278167430737,17.81154611003997
234,1.3024061119658845,6.188942891774753,21.534376011440667
235,-0.24303787377341612,5.051498885964452,19.488721460837528
236,-0.05480732903810559,4.632191626178213,16.579419367994447
237,1.5560451571871374,4.243063139726757,13.310952690862138
238,0.3271405626071128,3.260616991004027,10.72258270274088
239,-0.025063366571177026,4.319496696051166,16.329833639850442
240,0.9088011060506438,5.050007027293274,16.89754757081953
241,0.6616396477339611,4.243165809656088,14.251749575519856
242,0.5470980890334092,3.656402290458237,12.800393780493113
243,1.3000513469782509,6.475864451862452,22.232120755040963
244,0.9833636505018502,4.861480548839157,15.6425859121916
245,0.4548346976861377,4.673045241744193,16.881777805637828
246,0.6443486175884379,5.27508765666271,-1.0145548921720966
247,1.6528156972711392,3.706095262582184,10.544459085380982
248,0.9491479136708025,6.057312859866846,21.460714054925184
249,-0.43060073670757504,4.1294699124740255,16.73421368947453
250,0.016421065618703823,4.849079020132634,18.335103483794892
251,0.8710538942242406,3.94379832607354,13.53837814022724
252,0.5898638980103847,6.968346699148198,25.475848606509903
253,-0.5269860515320375,4.070169580627045,1.316868015720427
254,-0.21806505621756567,4.059229516840443,15.587518487317574
255,1.1641436965101748,6.021103019261346,20.86431672446656
256,1.0579286959079113,3.6606087758688153,12.406990221792325
257,-0.34578725362904417,3.570750676751852,14.88213488732975
258,-0.020791009579041453,6.059220537992628,22.93339070194289
259,0.895458646685448,4.575681674321484,16.31997432898482
260,0.4904319104107212,6.719169792958038,24.11192478565598
261,1.2747107541953466,4.769776969343874,15.131585847250534
262,0.35830098305477553,3.7628693655220653,12.698977996649692
263,0.0537285261492112,5.046934030187747,18.048697771643152
264,0.18459716137266763,4.6191138419515365,-1.7950614074645692
265,-0.8072798503534693,4.131471849472019,16.78202548881282
266,0.6295769901843971,2.453848726238209,-7.368400031804377
267,0.21601967583421294,5.743169575308281,21.563693822932333
268,0.7184968470002853,5.407011199522087,1.8085741309280046
269,1.3812119157696408,4.447525793071395,14.785668120913305
270,-0.6634038454220879,4.985492878923921,20.73397697713119
271,0.7602294899128811,5.551751259670489,19.929213175776415
272,0.2840051602835598,4.667406686486146,16.582444377541336
273,0.5123234520264237,4.1525733310084165,14.451968540411666
274,1.0731406650307536,4.704696595175186,16.225472968160485
275,0.5209206870263684,4.500416742467633,16.603541304241304
276,-0.19787262059401223,5.039039550242641,18.498343663337998
277,-1.796019848195461,5.151186544791729,23.223735278184343
278,0.7401987440048183,5.090040320472822,18.375463201155874
279,0.5924031536744103,3.5770909076256414,12.453437992053857
280,1.1864428762679795,4.978233927492137,17.168844306055533
281,0.3712953944435787,5.280322656045882,18.934841918862023
282,1.0283414722306818,7.359775401484159,7.353465769866002
283,0.8697119645861962,3.7644288620172732,11.704248954148287
284,0.29023160852072216,4.779217953299644,18.40358861098775
285,0.7591775462703149,4.740744218096352,16.521536063885573
286,0.9786648312026246,6.265493102282454,23.137156958450806
287,0.21286791779887043,5.004132772305474,18.411269130835134
288,0.7798885989658427,4.276152861529532,14.322319943468752
289,0.5225077335412832,4.74753337953377,17.371721555195247
290,0.7682608915694042,4.657267902863957,16.02099118475785
291,1.0369220230803693,5.359499470854204,18.751187483931954
292,-0.030600995001593412,6.148134410313498,22.978925447264356
293,-2.1139848971155066,4.489136704440927,20.869698325406482
294,0.7023291694382858,5.707317525580572,19.914735094401664
295,0.45684614299309584,4.984198568993186,17.502763609103884
296,0.33852509557285076,5.441627417059113,20.85512418283738
297,0.5035025978148518,5.442209173385124,20.033843945647856
298,1.7615322933992938,4.716263949632314,-5.12932425870139
299,-0.45337293321287475,5.219637344032043,20.43895996835754
300,0.4199344141440396,5.654659638126474,21.04873044382332
301,0.8214045937026506,5.147083196962818,18.009564040698635
302,0.19786183968528803,5.322851670063552,20.22289600501128
303,0.45528174426691276,6.074461960780376,21.93693519566347
304,0.13977665122087868,4.176040558866861,15.413763666749269
305,0.6313603391520362,6.337487239001471,23.33449700538777
306,0.5944042316662972,5.665302325866427,20.04386988335776
307,1.3473850294079126,3.583130030338948,11.357528467383238
308,0.3055670418155497,5.051095719914682,18.77732472826354
309,0.6451025042703198,4.043093175489457,14.489049103427492
310,-0.4364297518755452,3.832813432605171,16.157030855607985
311,0.23423644550438644,5.08121153427629,19.00858808388242
312,0.529449017984239,3.5564719325556764,12.793666215645663
313,-1.9066518833056223,3.830754609071097,18.220525880672227
314,-0.8030977763590106,4.249102901766657,17.037982636353334
315,0.1754052864708608,3.9752553043708754,14.767142007462686
316,0.9054870810428881,6.011332853733175,21.259641120913937
317,0.32237122232795856,2.939994555223596,10.658440429166566
318,-0.1705404181086997,3.713687665919525,14.801533525383846
319,0.8685639960323328,4.492047177001925,15.706931275587756
320,0.5780732057350584,5.100717195990984,18.158930659697926
321,0.5683018858088282,3.9687636611433588,13.686923895026501
322,0.5399109980499828,4.829643361683471,17.324175914773857
323,1.4099625314208915,6.609346483301306,21.45591967786424
324,1.3459357817355926,4.676277530481512,-4.136792553359161
325,0.22234635182036222,4.469454938569036,16.901684672134298
326,1.0868695911207014,5.328498729628698,17.616098427973945
327,0.09740116219642192,3.7960304409499392,14.117407308724097
328,0.7023220005919284,3.3729014169171654,12.073096919280282
329,0.6000841033165091,6.645236389859094,23.251806468954097
330,-2.297353705767145,2.612643687839873,14.599296510149513
331,-0.021112217216988527,5.282543029167781,19.27091757100473
332,0.440749764566023,3.133876675074629,11.020444804862075
333,0.5411065078497793,5.645286294037304,20.507632940232284
334,0.6365643876762386,4.465586791471814,16.045855240586405
335,0.3004558454272344,4.3395506763309175,15.268963183142652
336,1.2014669972475729,5.077854484066472,17.368996849105287
337,0.8615276264695062,6.736382567991686,24.501404508618077
338,2.5603651258228632,4.9153791929240995,12.511296809601564
339,0.015731651880970976,4.9319652325981735,17.70608595420151
340,0.12657305183176049,6.973817579890083,25.727379052021696
341,0.40686274213761686,3.4725972222568218,12.3358040103167
342,0.7703856013136948,6.726583951591964,23.90989549936622
343,0.39441225624505927,6.05882538704713,22.064648395600397
344,0.016225688047891818,4.996709185844293,19.41454487765554
345,0.857231474476893,3.7062241125147004,12.642675253369973
346,0.3187150728776733,3.9184551090006874,13.975778476084667
347,0.6564904237701195,3.9358221077145097,14.4772190196392
348,0.42236883548531123,4.247954027812039,15.51510407610775
349,-0.13802317920683282,3.9909543487015515,16.172540508793713
350,0.5373265511775677,4.349983612434097,14.922646843060038
351,1.185045006769201,5.4264936631291825,18.098165331227055
352,1.29481873073501,4.84850997119879,15.451750613287858
353,0.6800084423305396,4.8586700969652385,17.757570997859787
354,0.5064957498768863,3.832616143571293,13.237385521259629
355,0.3967616902166782,4.977553412158313,18.247934742590143
356,0.7658096738473225,4.974757179001282,18.202213761433683
357,0.43804735923031096,3.3306508473971057,11.570444067083415
358,1.136114490676413,4.293335261686185,14.626608252931486
359,1.1942403232551522,2.9727640337730565,9.463230965846346
360,0.659342699953142,4.7646116370606455,17.920571730876794
361,1.0547726409430165,5.6521199932815165,19.09625125531787
362,-0.1969935122882699,4.538934075973276,18.27859990122101
363,0.8634915527641339,4.59427377799908,15.87516529697159
364,0.9798916282496017,4.542184332098838,15.503884012118613
365,0.5516012161101843,4.379920859965205,15.689492390710958
366,1.180092032160668,6.24627306328618,21.770662450039787
367,0.46582346732125074,3.9431445896555344,14.83381152372157
368,-0.2568613594603767,3.588637902443179,13.864787571751224
369,0.11611171906591522,4.338770783530322,-3.0191159602364337
370,0.5389075553221592,5.122312993050369,18.0144633163313
371,1.371637615724417,6.180652176416026,22.270009298854973
372,0.029611571639261702,5.747572641265603,21.361657529027212
373,1.1370258631501287,4.877935993106294,16.157656984360603
374,0.47809213750369584,5.082792159553978,18.21133342428153
375,1.1532652727156698,7.030562870782164,24.94963847345362
376,0.939526285803332,6.185850472661609,21.728184783565577
377,-0.1491320216425105,4.581736246145719,17.57862633564405
378,0.5271727431453628,4.234699368526775,14.200157838383847
379,1.0735384130369505,4.519847298951265,15.435453091516933
380,0.7968737653868329,4.2409680855468075,14.463160128064022
381,0.5473890440718326,4.375586536397546,15.779084057397576
382,0.7744983844880451,4.173850556335716,15.39232189271403
383,0.21305981454087636,6.953921952074188,26.214363606493603
384,0.43545234000039323,5.431781630763536,21.644492645974818
385,0.5198967205188916,5.006356714474362,19.240990621421865
386,0.7476835322720558,5.036538130522503,0.6092531779257797
387,0.2670895075048573,4.084506981268576,15.195673207546822
388,0.7373903547855578,4.336382322757645,14.222217025557779
389,0.6388169541327164,5.013817988331821,18.461145156495224
390,0.29489137148792505,4.881640700708082,18.288443676359922
391,-0.5094263230433964,4.099859026379012,16.62778040533883
392,0.43369974587682736,5.581967047614715,20.538281736795504
393,0.7085426057188047,5.41122281181952,19.600948045002035
394,-0.22065662898361227,4.798548492068426,18.972507218245116
395,1.0430734897997898,4.085080898945308,13.772675988452367
396,-0.1930747972767919,6.430464125587369,24.388365752381628
397,1.1704858827475242,5.326456574671525,17.808012361021014
398,1.423904108157896,5.4953124716466695,18.039583290712404
399,0.8852839559279115,4.436503240150748,15.648118061720451
400,3.330372532828735,-0.3429793809687006,-4.103293885038412
401,3.148014250497117,-0.06612629049402008,-4.09690667835409
402,3.599382176099798,-1.4262625057163898,-9.448395004794891
403,1.4682644621500136,-1.3644428813532439,-7.319528994029587
404,1.7286051937194182,-1.926108268232066,-9.734213114274363
405,2.4931717812923337,-1.6342050235182268,-8.886186559218766
406,2.265061258435133,-1.1116844851526828,-6.3239891977551235
407,2.1899832692100683,-0.6264840429919678,-3.330299276891963
408,1.0237779865891077,-1.6527668716387953,-7.19113469088783
409,3.397968087069893,-0.5776622640534747,-5.369142885542213
410,2.4583282641551736,-0.9800745940380531,-6.946269432762414
411,2.515498079944322,-2.386438384146569,-11.745556348312268
412,3.6327666432622756,2.0407400384629275,5.299247617493733
413,1.7540510865933467,-1.9397683744805732,-10.428104459595994
414,3.7284682518038674,0.6213334006109623,-0.5542376904257004
415,1.7915936052020172,-1.368810006856086,-6.75585946518254
416,3.2613795136201746,-0.6138450446032924,-5.404108667835353
417,5.4705398710577935,2.1987516260746585,4.415466850854442
418,2.6930513500570967,-0.4691487042170527,-5.289613321929581
419,2.1008263478367843,-1.508157654034658,-7.799958680493314
420,0.9486924157597671,-1.7455894715680333,-8.067305720455645
421,2.4057131328209413,-0.7476135321552013,-5.5848126865054395
422,2.6364366080001265,-1.3010300504893932,-8.097551029541096
423,1.4227168080941612,-1.2224416671020362,-5.735298529420679
424,1.8168947236677835,-1.0853924882404065,-6.064946148749872
425,1.4291123300394424,-2.0636369075009116,-9.865178269555225
426,1.5962953726220948,-1.964078907010762,-9.360783917384833
427,2.328265734903373,-0.029642457711071435,-2.972750791639633
428,2.2976715619825288,-0.8732376805129436,-6.303899543865306
429,1.9969972857678577,-0.9536612644915545,-6.503782363723683
430,3.2785357501893886,-0.7666516676267043,-5.419221172222275
431,1.9398202067165773,-1.9956314632783108,-9.90971224929073
432,1.393922287413663,-0.7635394001814766,-3.391745833973485
433,2.92766204080331,-0.9331979846890546,-7.209536739218345
434,2.4634187060324786,-1.4308743049373416,-7.927589352362139
435,2.0103533778000866,-1.825251380887797,-8.795429458890155
436,3.1341297809470747,-0.5474277613136063,-4.668510933563494
437,1.1435087602732137,-1.921177986792868,-9.0886065498305
438,2.5608246504188514,-1.009607437335095,-5.842944759562888
439,2.706720989250925,-1.2645466155862064,-8.656983859628204
440,2.6216105162445227,-1.323384220596763,-9.067818077932957
441,1.6683141667223977,-2.0637727739112903,-10.627103897927881
442,2.5279278677778114,-1.6296101249847756,-8.611987158090415
443,2.369440860690832,-1.2885541492767654,-7.144152612146972
444,-0.34837845156608904,-4.840967573480722,-19.107088697245192
445,3.580123279486658,-0.8868417900577523,-23.907750432779984
446,2.7847041367382195,-0.7260758945536809,-5.263591016975204
447,3.201962762627507,-1.095955979154729,-7.984632299186304
448,2.615370288761455,-1.3252574447327348,-7.705038641861932
449,2.5806935523065206,-1.0480591677322373,-6.833489397029217
450,2.827362933722893,-0.3851417669394773,-3.44685519710755
451,2.1469014212479784,-0.8204408724587633,-6.267445831385721
452,2.1862946766177593,-2.0119422497006543,-10.594582326071238
453,2.613723204299548,-1.67088144634799,-9.163030401161286
454,1.919381778354504,-0.9268870696549032,-6.0199739827404635
455,2.0458989881757828,-1.123741538017511,-6.9454981664764635
456,1.7523367179913003,-1.8230294715320903,-8.883229605390992
457,2.1025440916940097,-1.0971430570360443,-6.623934638874696
458,0.8966361823069857,-3.0832068331593643,-13.242125259533097
459,1.1496015392045713,-1.7585396773578745,-8.038268724704295
460,2.471124246461591,-1.6299610390308956,-9.101025308117055
461,2.1784806185183325,-1.2015069816156643,-6.463669415938462
462,1.6584742589114176,-1.5907709927270735,-7.658412940489865
463,1.009175244432508,-2.3814369526488566,-10.49156772364097
464,2.991238269100588,-1.022944438015637,-6.874487533158545
465,4.85064796651582,1.411845679642239,1.1175667928564668
466,3.3292230161432483,-1.8108465077431801,-10.268707468610078
467,1.1991409284071806,-2.2771081158326325,-10.785909277119844
468,0.17109672555703748,-2.9644885915814685,-13.601161322065792
469,2.2339126066327064,-1.8964077953209102,-27.787010425447164
470,1.782396432610253,-1.0143027242220353,-6.559228209759061
471,3.2150875135200354,-0.4042720086263578,-5.092594829023579
472,2.805405555375388,-1.1852828075304853,-7.912526540412706
473,2.9644363443002426,-1.2684888331122468,-8.062502768850672
474,2.913495341277675,-1.1485426146825428,-7.205755442513165
475,2.8631852210267192,-1.029219745460046,-6.519918111943488
476,3.139088151711127,-0.6322990212780853,-5.71217683574534
477,2.848534570954966,0.086712611315505,-1.924841279246625
478,2.9232041583128456,-0.45333298314059156,-3.9938478427665194
479,1.9631203778126018,-0.9388345362356894,-5.868265801220143
480,2.736467369768453,-1.9628739279167404,-10.55237277728609
481,3.305334024556987,-0.2259962462172821,-3.346815415785295
482,2.696480563609903,-1.1699828812594215,-7.196785439454187
483,1.7393967327010333,-1.7261760175107672,-8.776706779587144
484,2.736392569737482,-0.23464945225183897,-2.879014036829154
485,2.365631301742119,-1.1404857919284606,-6.186241935993012
486,1.5677198654786815,-1.6769168345731242,-8.798354901190368
487,3.1340913682359925,0.7686255931462684,-19.131101685203806
488,3.1819533574362113,-0.6549022203694875,-5.870040346762817
489,2.864490070928112,-0.21825335702528836,-3.454429872881998
490,3.131660310336598,-0.9566938229124446,-7.323122640904859
491,3.2936541673107484,-1.1260836537686907,-26.97068942845736
492,2.472993628898859,-0.8537323598195403,-5.7232166685399255
493,-0.07730055871652053,-3.779979503520006,-15.735651938762818
494,2.0429671052532434,-1.1528823061516014,-6.492920453175997
495,2.0853610601096495,-1.5170298569777934,-8.553965404104392
496,3.049930123533992,-0.42470744762983836,-3.9855151039679195
497,2.461109698011649,-1.1367476927851088,-6.149105666156161
498,1.7905476379375989,-1.7039247765563688,-8.573487677504058
499,2.897708012889502,-1.2570300173469793,-8.300070849167144
500,4.047427528311063,-0.13599770840842074,-4.441228237966507
501,2.423608736910043,-1.1122817515958527,-7.024133379156698
502,2.1332188549038418,-1.6529297817627575,-8.488255314797332
503,1.8808070754295394,-2.133665893347476,-10.177572335962479
504,1.8441937755456408,-1.7339229644996514,-8.545219402031316
505,2.264711468404082,-1.2333624945029922,-7.114961867397426
506,2.1493978519703947,-0.49077347834476737,-4.031885249036019
507,3.7483478024060233,-3.522365811556499,-18.58940006616095
508,2.3868946987606305,-1.11853462841849,-6.885580996632959
509,3.1025120074086394,-0.6025966067508494,-5.685698539218765
510,1.5113137470708038,-2.2528337669491925,-11.587519932683085
511,2.799008717375628,-0.39071725977686345,-4.6435951334823615
512,2.160486525269771,-1.7122096388484724,-8.445003210682051
513,3.1285036909103305,-1.667577830472542,-10.714071081413824
514,2.5404651308626685,-1.0917583425177986,-8.475584924141991
515,2.5536128551120707,-1.9461927020731764,-10.772166447460659
516,1.8004465105427159,-2.7377641517750395,-12.631171888521838
517,2.2124642536508627,-0.902283762522609,-5.565213424908394
518,5.75862134426793,-3.0217916628237065,-17.20710326076779
519,1.3298165924808203,-1.5399690717777843,-7.683878983149686
520,5.213020139174035,-4.5124362540883265,-24.066822863822942
521,1.7266981597558175,-1.4364035481683475,-23.634379627206243
522,2.231893691999088,-1.3502022446048292,-7.441761705596366
523,1.6491536238352125,-1.7533905643646182,-9.251345259967039
524,3.2762914692135867,-0.8654416752166623,-6.526848079262121
525,2.2606254773570065,-1.014695836200108,-5.980539738979432
526,2.149495398410913,-1.6354884280903097,-8.791984202188218
527,2.208941111954455,-0.8523001945904238,-6.177138246035965
528,1.8477348410982848,-1.4703616291032566,-7.120552689627465
529,2.262923050329761,-1.079752478222841,-5.550326904599954
530,1.3355240662694732,-2.0606328890053356,-9.701953440221388
531,1.206131702545844,-1.878103488896965,-9.114993896177602
532,3.2930196764098794,-0.12480827913918247,-4.447543523870754
533,2.206588009161677,-1.086741521828766,-6.758701485042607
534,2.494595217429801,-1.064354303852072,-6.765730791904748
535,2.725184759894405,-1.5216479890722003,-8.090482097430616
536,2.677674655605934,-1.4972660724376836,-8.152143285589887
537,0.27761302375123265,0.7996026563972487,3.140427825500047
538,2.6101032914951405,-1.446962029754946,-24.91738012942089
539,3.0557046089655673,0.22614911066982835,-2.4167191064710463
540,2.5025480769041564,-0.6460983199758208,-4.315343573491098
541,1.09011897971322,-2.3953818537470912,-11.43594484323613
542,2.9185390977642354,-0.9565101627922946,-6.217349406059583
543,1.9831859403259267,-2.4214253412854703,-12.403272411826736
544,1.9289723868930166,-1.5888886773450492,-8.570605079763261
545,1.906404580606751,-1.45317571272851,-7.351874455573553
546,2.9166565704447254,-0.4385372382169288,-4.955682726317729
547,2.543678730239346,-0.566885631506057,-4.818809444520874
548,1.427682116182373,-2.476981914530956,-11.814929875824156
549,2.9687104592110796,-1.4501851373026227,-9.170688630889446
550,2.964616865284113,-0.3440828327420242,-4.759442671384505
551,2.8211847548374833,-1.0091517601544386,-6.313184773710587
552,2.9897678397101255,-0.34461433391074525,-4.023840942847743
553,2.1895724375622936,-0.9254751137758936,-5.602600192225134
554,2.2987409227232494,-1.2721727092260424,-7.462510307847488
555,3.746633118740694,-0.47742457343557365,-5.475323505089291
556,1.76987062337114,-1.2342353514677324,-7.142634239213284
557,2.8868373879700493,-1.0878079047987632,-7.077616760941759
558,2.5334488795734997,-0.84300246796664,-6.131011669618482
559,3.0550197352591515,-1.5262776547675638,-8.831289087667338
560,2.91393749679028,-0.6597108526649782,-5.177161134909629
561,1.9037403321253334,-2.062299022345811,-9.544130991158996
562,2.2680808478278274,-2.020080904573403,-10.357608370968073
563,3.1016572704281926,-0.9345152902362178,-6.878257057266905
564,0.6330130028353338,-3.224946251797766,-13.665910897324723
565,2.646422328406339,-0.6148788639270303,-5.574753828102145
566,1.8947737007112906,-1.2420112967781343,-6.984461250626751
567,2.2212536901481204,-1.1986009237957709,-25.98504723727531
568,2.858841906989796,-0.81601927116509,-5.866028655291654
569,2.7614901319776854,-0.9009046597583649,-6.581870999608912
570,2.6122627141381423,-0.7415621829347816,-5.03453625719854
571,2.4418986423870237,-0.5964193263183512,-19.952395564583856
572,2.9250353817076102,-1.0194783510042216,-6.81752527409644
573,1.7194698176980072,-0.8390824689486803,-5.609224863889935
574,1.145048421120421,-1.7655662351670822,-8.455208103346852
575,1.6016288409422417,-0.618905551958652,-3.7697134331040147
576,2.020298242260699,-1.516725418169865,-9.138598892370489
577,2.0237647262589533,-1.795679595788686,-9.634624941026493
578,3.9047676467574144,-0.6859437755602774,-6.2527672474476885
579,2.7945075133311317,-0.19324384351265045,-22.68311588867744
580,2.7432070713640697,-1.2204045661752836,-8.280334402204293
581,3.584188845989952,-0.04923841603870027,-3.2513123705760565
582,2.618550314649287,-1.190731907110679,-7.721990431920556
583,1.6384859471378141,-0.33008922412026853,-2.30426252110629
584,2.219154440460144,-0.14726059587886042,-2.4184727483190627
585,3.259412164934121,-0.22141114199447376,-5.022142932927281
586,2.0833765226351217,-0.21255375610298555,-3.1335516056629165
587,1.9132492799355616,-1.7876826894324727,-25.79913273964128
588,2.554533242604726,-0.7700883146300628,-4.623464646124945
589,2.616046482364227,-1.034415017055822,-6.2298333218678605
590,2.485849654649636,-1.0252635548886535,-6.5273320699836495
591,2.40732734780494,-1.7746992424174262,-9.81973624516795
592,2.044304320291225,-1.4886476089887113,-9.206066844127292
593,2.614553812494163,-1.4628032544831862,-8.685841331565285
594,2.736984947008196,-1.1539042000331172,-6.84326045627319
595,2.8252615402454664,-0.3342197464777341,-4.004465285124939
596,2.8031243034305913,-0.4950190704762757,-4.7316626327447
597,1.510915585995924,-1.2460088349332554,-5.925299278265517
598,2.340713969676944,-1.7456225607164502,-9.34694283404117
599,2.3678131138190963,-0.8388609201021544,-5.229728050833904
600,-2.200363029786793,-1.0482119009094497,0.2234362492445514
601,-2.4508077209271617,-0.6424073379035234,2.2505393081979066
602,-2.122381497672198,-1.382509328222533,-0.19009177542843786
603,-1.243469428703762,-2.0519302175351206,-1.71558455862995
604,-1.8072069868153222,-0.18329365075261173,2.9701854720752374
605,-2.74633945670122,-0.49776710788027234,2.55513127176965
606,-2.8599896940152476,-1.0516988073975506,1.8267600992165287
607,-2.0524162802971877,-0.9310438492681351,1.9526961677290484
608,-2.63406102773014,-0.8921936768078198,1.890528447415767
609,-2.690537535542298,-0.8294726206436319,0.9787884221545204
610,-2.1490501089236345,-0.3000624674725968,2.816404202941463
611,-2.605707189525978,-0.8823765634754006,2.3271428705768518
612,-3.045254165848538,-0.1363822027472743,2.848616136236444
613,-2.0852462967693546,-0.4169782698736395,1.382911703698464
614,-2.1804606580887413,-1.5024203775759977,0.06856830231641753
615,-3.396087519650742,-0.1496018450769746,4.431732892052511
616,-3.0023259347804285,-0.76545180632961,3.1605630133372244
617,-3.2780885962041886,-0.8570207600759447,2.2080638117191236
618,-2.632182387731969,-0.9373589248067219,2.117540340426466
619,-1.925904697411346,-1.7624154901071138,-0.3538003934455396
620,-2.2320315349583075,-1.7000291207237204,0.293032506610256
621,0.02433110437945274,-3.0145352383263937,-5.047695849629564
622,-3.1909427379510116,-0.9076505010598197,1.8524534610684176
623,-1.6414461081450293,-2.062705080067795,-1.5901955741451665
624,-1.8126198000769969,-1.358186020916793,0.07840949363774792
625,-2.5373836677587,-0.0361404166151269,3.6611196269071646
626,-2.351625065988687,-1.679429528809651,0.5214447115912211
627,-2.516874718947866,-1.0582903250122049,0.7155266454033995
628,-2.8137079087630834,-0.3915901097908334,2.1593951170309884
629,-1.560070567223449,-1.3442485225386585,-0.8248482884181643
630,-2.5277261223570338,-0.9454159088545031,0.7583530593163184
631,-1.9621018331821132,-1.910196340325109,-1.4108409254443801
632,-1.767593787079928,-2.3838088866470684,-1.5042337237313799
633,-1.0843272596972666,-2.133118292429441,-1.9207838517962772
634,-1.8609828729515834,-2.64935880524901,-1.74717798102384
635,-2.886444759140825,-0.06211052459234612,3.3874066783807963
636,-2.330136685348791,-1.6159923128112283,1.2681797925172689
637,-3.0319793276204443,-0.7351619809034506,2.1407639357961776
638,-2.437187436456392,-1.1888997329819153,1.548349963892011
639,-2.4515038856655242,-0.8157849353553317,1.3420100967633775
640,-2.292328348421482,-1.866551391926218,-0.2324048222260231
641,-2.930832784193533,-0.4812162304558228,2.841115874326313
642,-2.9138423229354418,-0.6256132642693135,2.3093758743834476
643,-2.019119759617613,-1.5215816344703805,-0.3153635306939164
644,-2.7030940097736025,0.0802748522089517,2.3709868587818788
645,-3.566824893541513,0.7891592377906208,4.994001081665344
646,-1.9827946044927711,-1.8178503410699722,-1.2824541791924329
647,-3.4265771322006393,-0.216769906469937,4.199547477897283
648,-3.2422901513842026,-0.7541640320988843,2.753070811402133
649,-3.2334373935821183,-0.9525751413463988,2.9309677608622047
650,-1.2849405321093845,-1.2404711574383347,-0.16991930871973643
651,-2.365315698569863,-1.6265948144790994,-0.6166845323360416
652,-2.333478241905495,-1.3601523959604833,0.4271595364474552
653,-2.476868059595422,-1.2020632010464796,0.4086733459488646
654,-1.8625854554931143,-0.9023579994776603,0.8192840573316631
655,-2.930827057339242,-0.45159995577331896,1.4781859473367132
656,-2.5857576448999238,-1.9846962526286736,0.19026517595321052
657,-2.3050544150516936,-0.19887622068850885,1.809531611884228
658,0.5879448712779922,2.1026585868828613,2.316902102844828
659,-2.1527986146895977,-1.0432517341907241,-0.22234213022503213
660,-2.63883244973884,-0.5645554637604437,-13.588776876636382
661,-3.4712661559462803,0.27429966537455674,4.489004403090319
662,-1.7438055291812713,-1.8035037411346486,-1.1639198456963882
663,-2.101802918235083,-1.7796097698628515,-0.5935398970875514
664,-3.1561139858084086,0.05180714013586274,3.9973933688660908
665,-2.585659996412446,-0.5566839390935445,2.5182781615505547
666,-2.595728457587435,-1.2374861057290323,1.0931046374809144
667,-2.7842963444471325,-1.1345367570938067,0.621405592541508
668,-2.4454389736929945,-1.061520653978878,1.6730741612361824
669,-1.87024766924238,-1.8237446158129593,-0.0552253257436941
670,0.034659957953846465,-0.48531289852042203,-1.2666197956146144
671,-0.14363470028109226,1.7223915137338999,3.95026885459418
672,-2.5682928282957125,-0.41638764157195474,2.5723990884312182
673,-3.1242157574380336,-1.0890437552122068,2.859903032497069
674,-2.0593621816385967,-0.7014612957069828,0.9975436704319449
675,-2.746446123681248,-0.6051113452788388,2.3128325944324897
676,-3.5287956190764436,2.850928177963281,8.671408407313194
677,-1.909245896209918,-1.840252202496071,-0.5060609820088775
678,-1.879351908392114,-0.7709521793898877,1.5432399699993358
679,-2.6919591511446317,-0.05532869651325145,2.6905655187585746
680,-3.3828266809980416,0.1651872990165949,4.628284694147951
681,-1.8314293651185953,-1.4405811336209493,-0.6799866198136918
682,-2.061261264938466,-2.231288068920606,-1.0930308132044366
683,-2.3237418155371663,-0.10818787170799771,3.0943840950414496
684,-3.46851032620063,-0.45596694038780083,3.26902302389492
685,-2.4636699427287105,-1.363328486497704,1.4077688840933575
686,-2.040807244227621,-1.214865777272851,0.21389415159269143
687,-2.388369924372595,-0.7756703240306333,2.0361169822188288
688,-3.682047867205531,0.6929214015732518,-10.491894695865302
689,-2.577421701693676,-0.1390851556687852,2.2812132545534807
690,-3.0766370740063596,0.17921431472678473,-15.899939192905622
691,-1.5041637184827654,-2.269254004472076,-2.2557558576203043
692,-2.501337027486969,-0.7833619674795879,1.5924904609638593
693,-1.26320039489455,-2.3007367106667913,-2.2288654763663702
694,-2.53025861768033,-0.9141550772530405,1.1527427846201654
695,-2.8430924759417646,0.18189991997298371,4.986187645239205
696,-2.225018040482852,-1.8584160625241117,-0.04472269130986428
697,-3.126947442546034,-0.22422004630284031,3.3856869250801176
698,-1.7137622915393784,-1.8719189888055179,-18.863744492828168
699,-2.643009423751767,-0.41833146102094665,2.7935998991507893
700,-2.503571942685123,-1.4665098597656971,0.054260231686917404
701,-3.728788681500203,-3.764937975030081,-1.3896873147727702
702,-2.184662238055207,-1.3111173876144662,0.32143151965489825
703,-1.8118317688396461,-2.145753164341432,-0.35643575543007455
704,-2.367795941520029,-1.47467721642861,0.4983437975036722
705,-1.393892556942457,-3.0584261902226624,-2.790969931381732
706,-2.581542296222733,-0.7945788335367997,0.5871708824938096
707,-2.1379835206246085,-1.1557179272403932,0.9925197798041914
708,-1.9904462434274235,-0.9744088133192633,-15.93575361173708
709,-2.878867524439092,-1.4648631430443202,1.3487767775285453
710,-3.0475366831965354,-0.3999003687028452,2.812841923839111
711,-2.079873655875085,-1.4479460539725588,0.09593563856039548
712,-2.412768363176404,-0.9952864477806902,1.2655955755517363
713,-2.2543089135193246,-1.5576785683332117,0.5514496182442903
714,-1.8600516123589754,-1.1768697059994913,0.19302907758730514
715,-2.2311779913851835,-0.45814140672047515,2.004150147922674
716,-4.765088208000526,-3.937543937287649,-18.92222712896039
717,-1.9113814980899704,-1.1780744627170312,0.12082070306318482
718,-1.8809508191905246,-1.5470684763285525,0.7830530836263241
719,-2.993638781006415,0.2739152894840552,3.923040546802913
720,-2.5365618754329806,-0.6512877796358792,2.4681095917609635
721,-2.036603857183548,-0.5064827856436105,2.278141840632797
722,-1.9841188394800917,-1.7531957200290447,-0.3160686535015985
723,-2.195614985706697,-1.402643181764272,-0.1178145208132832
724,-2.0950678777595995,-0.7955898343556063,1.116611276271098
725,-1.9376268297202563,-1.1766929193630875,0.42781533716464726
726,-1.9611215836325624,-1.4602745155281158,0.10994163020377404
727,-2.4180531148078104,-1.1217855376472479,1.9433272400300925
728,-2.1781756433400523,-0.4105778609923677,1.854565390763617
729,-2.3192276459898045,-0.6868682269483002,1.2500274528029267
730,-2.6417854032640884,-1.0091001134154396,1.971640386312476
731,-2.351618991861471,-2.1212259206335298,-0.8042040499199796
732,-2.0421486847593933,-1.8311108690900126,-15.59808303476569
733,-3.029243148818968,-0.4315464229932412,2.41173537182439
734,-2.6488354823907274,-1.0090060343709468,0.7203257853567558
735,-1.1938885350571642,1.3120571132685797,2.9875986660082248
736,-2.976137520817265,-0.3484543488800558,2.819852006584153
737,-2.403874932561818,-1.1836623808967506,0.5695497013679695
738,-1.3977021388279685,-1.3804260373170203,-0.6290860225437743
739,-2.971120545088065,-0.09874996140396064,3.9827083560155185
740,-2.5076603602576206,-0.9835316820900281,1.6134590286700032
741,-2.192824168437027,-1.3925929753755653,0.22807481917526834
742,-2.5993072521158047,-0.6246747893311857,2.2717424732484512
743,-2.2020778103642575,-0.6404827128130748,1.3780087838196713
744,-2.5175317119339526,-0.7692444469436155,2.240333387794701
745,-2.589439648445691,-0.6315245646488679,2.1044772597874486
746,-2.7221625858717675,-0.757049505953209,1.929429404205879
747,-1.6815194552066963,-1.799378139648441,-0.17122858469559155
748,-2.1586448066759836,-0.5233715097618455,1.557070667890661
749,-2.2317909241906637,-1.3181405034981066,0.2527748415965811
750,-3.4967930930537916,-0.010716730526495688,4.1953530220717
751,-3.1455308647043916,-0.12181368823497485,3.600923037571868
752,-2.206681314404017,-1.8447867332025418,-17.505298357904394
753,-2.190982908012923,-1.2117022295341389,0.6406296709742474
754,-2.0087591853788496,-0.9283410161985292,1.477616262511312
755,-2.155562645131793,-2.030806565152837,-0.32370036417330933
756,-2.1133769909073474,-0.8542293244224582,0.8593523089998827
757,-2.4802630394289675,-0.6453222757642086,1.8240087356842372
758,-3.134034669652249,-0.3321673296337606,4.124668141684894
759,-2.96660228672759,-0.6614249584863539,2.1739338860452384
760,-2.402949461287007,-1.2367395855208587,-15.500236514576827
761,-2.920426875186582,-0.2814919367555616,2.90425612448792
762,-2.1171066946908392,-1.2972938110435774,0.2822412807442769
763,-2.481462183586995,-1.6431328584973168,0.6258844989973018
764,-2.1539318458050163,-1.546074714942407,0.09814065156181873
765,-2.8556621403530276,-0.39077890957782646,2.6826379529421622
766,-2.22604362191192,-1.6810403040823232,-0.22374645406475138
767,-3.2416346940186846,-0.20427879138694305,3.2990957944301718
768,-2.0684935603938643,-0.815059926836235,0.9725024776298196
769,-1.9625950241622336,-0.7692411735423177,1.4167752100641309
770,-2.103910683702042,-1.31831029167429,0.8685475191262167
771,-3.1712782303273315,-0.25653128117389445,2.5156866875433668
772,-3.217467063557888,-0.8628800910124678,2.4710173250370673
773,-1.945335677598388,-2.200871552646102,-1.2948153957312714
774,-2.0600629536218524,-1.5508933092429655,-0.28478434234837824
775,-2.5421017064175726,-0.7489006307835164,2.3104759284231777
776,-2.92343955367631,-0.6978073700316874,2.061010338330261
777,-1.7647072678826439,-1.3254195719673594,-0.4249617251190023
778,-2.678541371757379,-1.1541316024852142,1.801772876078341
779,-2.3995946854050443,-1.4239987690877003,0.822316711786704
780,-2.3782658279564735,-1.0888391075262287,1.0053796147867686
781,-2.8684191203293348,-0.7271040065492953,2.770424119198116
782,-1.3617794213502967,-1.6112880847653621,-0.7010063302018075
783,-1.9237845801237128,-1.4025963159326151,-0.02142070544218977
784,-2.3888886703505694,-0.23367474565167667,3.002984589653445
785,-3.522430144475342,-0.08995566213951822,4.581483219530627
786,-2.188771060296845,-1.104615484031012,-0.18662452121523954
787,-1.3538044852737532,-2.072002112839859,-1.526674181930736
788,-1.6299711880073198,-1.6321326892079377,-0.7110065560004872
789,-2.412906285010826,-1.1359015990886199,1.182477223005223
790,-1.9617987868199118,-1.3446421348654984,-0.04993519888923109
791,-1.6499965049326168,-1.9427992663046414,-0.6977550154335892
792,-1.5794250650431687,-2.2402405200489897,-2.320555909951822
793,-1.7846583041488808,-1.5474063441539276,-0.24894807538666952
794,-2.8982540565081245,-1.0310864639166573,2.576854303787726
795,-1.7828301036162326,-1.2723171106672144,0.1880888193574753
796,-2.876205473258879,-0.3560263300522737,-15.153907626004136
797,-2.0505179864610357,-1.4424837279827298,0.621905018658641
798,-2.249869246668513,-0.9597287296168787,0.790048828478503
799,-2.0998477511243383,-2.3653488590624003,-1.308404408696237
