,y_true,DPMRM,DPMRM_LB,DPMRM_UB,DPIRMRM,DPIRMRM_LB,DPIRMRM_UB,DPORMRM,DPORMRM_LB,DPORMRM_UB,DPR2MRM,DPR2MRM_LB,DPR2MRM_UB,GMR
0,112.0,122.18918025521516,102.06368674176625,142.31467376866408,125.4757070264051,103.82863724449437,147.12277680831588,131.04449409008652,102.47630862628942,159.61267955388362,124.38632226407627,87.80368463853425,160.96895988961828,125.8011445831218
1,111.0,126.43207050884878,106.46249517732792,146.40164584036964,125.23956884394609,103.68680181472148,146.79233587317069,131.02780015311907,102.68882961870072,159.36677068753744,126.05160973902842,89.55719770604856,162.54602177200826,121.19144783546534
2,142.0,135.19121483649747,115.23803551200105,155.1443941609939,130.85815107084616,109.31856691096434,152.39773523072802,136.83602490116297,108.48312250455302,165.18892729777295,132.4754328733393,95.98546355933901,168.9654021873396,133.74609276601893
3,122.0,139.1198440578458,119.18183364296114,159.05785447273047,133.3162420066892,111.78134079603277,154.85114321734565,137.67149289970996,109.35152140814435,165.9914643912755,135.29483286367113,98.79481153140847,171.7948541959338,135.29705116644672
4,141.0,136.81207526139895,116.85509420327419,156.76905631952366,131.41870477806475,109.8720425082839,152.9653670478456,135.5800935923655,107.19618769393058,163.96399949080043,134.40978011664993,97.88936045448006,170.93019977881983,126.34690041036504
5,122.0,132.8463281923052,112.94153207944152,152.7511243051689,135.58250487783945,114.05512564158361,157.10988411409534,138.34517951961277,110.01240605096032,166.6779529882652,136.7577814127123,100.2563315324539,173.25923129297072,133.28181918696473
6,165.0,131.7672351283945,111.85214397548208,151.68232628130693,128.28970435930896,106.76126093908165,149.81814777953628,131.80557921209933,103.51851947729759,160.09263894690108,129.7180731291773,93.24280176693952,166.19334449141508,122.3899263846659
7,117.0,134.62068393215492,114.70182265490529,154.53954520940454,131.4442972943789,109.92199248022901,152.96660210852883,135.8184950370396,107.51550762769754,164.12148244638166,133.22956609745535,96.74856946065907,169.71056273425165,133.0038624881903
8,117.0,136.15662693187048,116.2393586765975,156.0738951871434,129.75676018405892,108.2303270645974,151.28319330352048,133.47600985832185,105.20094973266625,161.75106998397746,131.23227124210757,94.7563275281151,167.70821495610008,129.31416415431687
9,131.0,138.91202618691392,118.97087152919909,158.85318084462875,131.8909972233689,110.36098385144435,153.42101059529352,136.74551038760404,108.43240182863765,165.05861894657045,134.05606386829217,97.56431191487756,170.54781582170676,132.0519785736931
10,148.0,138.8657773814971,118.906011796004,158.82554296699027,130.66689586771136,109.12811517702173,152.20567655840094,135.4625469338857,107.12357482321501,163.80151904455644,133.64502786390872,97.14023509434368,170.14982063347375,129.29473942845817
11,134.0,145.5168686659621,125.34491252545847,165.68882480646573,129.0396415877005,107.4266459549138,150.65263722048718,131.911609190694,103.35690778504126,160.4663105963468,132.45202816905697,95.890945701571,169.01311063654293,130.45965242431893
12,140.0,147.0178838093111,126.92531667222966,167.11045094639252,135.34111134435597,113.76142659039243,156.92079609831953,140.47318728840872,111.95970612472914,168.9866684520883,139.5365873482857,102.93439995825207,176.13877473831934,136.60539678620358
13,151.0,148.21709715516124,128.06818439219958,168.36600991812284,137.0828280663738,115.4581537173563,158.70750241539128,143.10252906642324,114.42997101989835,171.77508711294809,142.35867460059785,105.66115275104242,179.05619645015327,141.47633125676992
14,137.0,137.6048619589212,117.64954390464872,157.56018001319367,133.05727169067723,111.51575001465355,154.59879336670087,138.9151819380396,110.51299181959077,167.3173720564885,136.30404274246231,99.77131229042696,172.83677319449765,130.6887289007652
15,144.0,140.47345377361896,120.49833726940182,160.44857027783613,131.13635329885992,109.60023618454372,152.67247041317614,136.92418521992317,108.57341730301697,165.2749531368294,134.27923154828844,97.77026917561956,170.78819392095735,127.50952099718504
16,136.0,137.63472745407643,117.6796470534233,157.58980785472954,129.90589850138701,108.36598564516446,151.44581135760953,133.91033907465075,105.57278971410354,162.24788843519798,132.51370685557234,96.0156451885854,169.01176852255924,125.96292674743609
17,119.0,137.35838505764644,117.4179406199666,157.29882949532623,128.38677278912516,106.85863909779775,149.9149064804526,132.95190548630256,104.65802802877553,161.2457829438296,130.5978125689053,94.11766560699691,167.07795953081373,122.85710985400281
18,125.0,138.0807044435616,118.13872475809198,158.02268412903118,129.28193488463407,107.74801846247509,150.81585130679306,134.50845648936308,106.20868366526801,162.80822931345813,131.4077690466067,94.92229345379184,167.89324463942154,124.61308334024335
19,123.0,149.3484902094618,129.2209022742596,169.476078144664,135.3577494438696,113.77302516006885,156.94247372767035,141.33403049395946,112.84847300681872,169.8195879811002,139.49405967848804,102.88298978134486,176.10512957563122,134.85024801527834
20,136.0,143.40984125053834,123.39675482563631,163.42292767544038,135.00555998934033,113.4429331273442,156.5681868513364,140.88407269853337,112.43784200192222,169.33030339514454,138.70029566474844,102.12758487647449,175.27300645302242,137.06969865849024
21,148.0,145.89862037168893,125.84640229390206,165.95083844947584,141.5267505132859,119.8988771685171,163.15462385805463,147.84181103067894,119.1449147992514,176.5387072621065,145.86266675494971,109.1418171415634,182.583516368336,145.55357921162627
22,147.0,142.50042700273528,122.47116896937013,162.52968503610046,139.45344537457683,117.82997304526694,161.07691770388678,146.23850095520334,117.53439145991905,174.94261045048762,144.34141245641072,107.62520016960808,181.05762474321338,143.7910140240235
23,148.0,143.97221939284333,123.91354269840164,164.03089608728502,139.2620593813611,117.62559097170288,160.89852779101935,145.20107425344864,116.485120135111,173.91702837178627,144.2602016210821,107.52924188152049,180.9911613606437,140.0956319985935
24,155.0,150.62735793896326,130.429462761167,170.8252531167595,140.62488994217603,118.94802781485447,162.30175206949755,147.0999835226713,118.26145019599709,175.9385168493455,146.44893979983377,109.63739419587701,183.2604854037905,141.83144000519857
25,165.0,148.40342773533487,128.30539298628668,168.50146248438307,139.16901661353896,117.55409726839486,160.78393595868303,144.12140288631963,115.55585772796445,172.68694804467478,143.2129676011093,106.54288542370222,179.8830497785164,141.91045902780223
26,139.0,136.25151096849513,116.32223284477887,156.18078909221137,132.12799747700285,110.5920383337996,153.6639566202061,137.02396444215677,108.70500942796917,165.34291945634436,133.8028308550465,97.3122437977969,170.2934179122961,129.23803639339192
27,122.0,140.3839415853028,120.41217177610785,160.35571139449775,130.66977124620715,109.13217242943858,152.2073700629757,135.72260019520078,107.3876395077692,164.0575608826324,133.68146520652232,97.17672494905521,170.18620546398947,124.52412721821324
28,136.0,142.09251162757786,122.05543521738002,162.1295880377757,128.73107269922085,107.18139258614478,150.28075281229695,134.02347126861605,105.62853558713276,162.4184069500993,132.38084138886043,95.8652202254305,168.89646255229036,126.34847751632708
29,141.0,148.35191188799106,128.24163918222823,168.46218459375388,138.71460366948295,117.12807574229495,160.30113159667093,145.67381929422837,117.07729672375332,174.27034186470337,141.35540041106506,104.75433537111633,177.95646545101383,149.21556080613408
30,146.0,136.95197603319906,117.02627257431303,156.87767949208512,130.23486747268313,108.70317067728955,151.76656426807673,134.60871079060195,106.31967711319531,162.89774446800857,131.83984815084827,95.35817830292646,168.32151799877008,134.36419608671557
31,115.0,130.0530500216688,110.13610645366394,149.9699935896737,125.40228538148058,103.86603684093173,146.93853392202942,129.8838387001779,101.60164634314287,158.16603105721296,126.43694364392697,89.9564630087568,162.9174242790971,125.30166559352045
32,118.0,113.78931847734358,93.56394800229897,134.01468895238824,118.3006298196157,96.55074635751647,140.05051328171493,117.88245683796065,89.0448608325083,146.72005284341301,118.95710585912005,82.28717897406543,155.62703274417467,112.13163565171898
33,114.0,126.21614027771058,106.25210544431705,146.18017511110412,123.1744280822302,101.5994315199798,144.74942464448057,125.8168218237434,97.4323814168649,154.20126223062192,124.42949728860359,87.91521014596313,160.94378443124404,125.98425937242344
34,112.0,120.39794337126318,100.44342711928117,140.35245962324515,116.47510147848443,94.91857612207185,138.03162683489703,122.87431176514596,94.5522375061836,151.19638602410834,119.26248419492644,82.76183020534206,155.76313818451084,118.625273953879
35,91.0,24.021131836083057,-24.44084277026131,72.48310644242743,9.229320808212124,-14.243860135346647,32.702501751770896,36.623244210374345,5.043315093879905,68.2031733268688,20.769575661506927,-18.746119270879305,60.28527059389316,1.4913040615975306
36,56.0,93.36376464182165,72.81393390625749,113.91359537738582,65.12227114307274,43.032191409484916,87.21235087666055,91.2505623747521,62.02262185706041,120.47850289244381,78.93833870238569,41.90327868596818,115.97339871880318,62.31436745266615
37,60.0,110.47331580998667,89.76724822094178,131.1793833990316,79.78905911773528,57.81541221660753,101.76270601886303,102.34819406072917,73.14282739102147,131.55356073043689,95.032603224644,57.93956265351177,132.12564379577626,76.13738181584515
38,56.0,84.86466485639698,63.77206930960439,105.95726040318957,27.893962383484936,5.4567740876578865,50.331150679311975,56.11568904291346,26.33120090786963,85.90017717795729,46.39009879294862,8.702598583981128,84.07759900191611,30.54455803402293
39,57.0,103.37266786062364,83.1254054806355,123.61993024061178,63.44421057959224,41.50732500958693,85.38109614959755,81.9334529875533,53.016737661780994,110.85016831332558,73.57228270446775,36.60540135852795,110.53916405040756,68.07865384095429
40,68.0,102.62367693080157,82.38032996923933,122.86702389236382,65.16129864764503,43.26884997622058,87.05374731906947,83.2857995151269,54.437539178271216,112.13405985198256,75.55106658085562,38.64123222385636,112.46090093785486,71.65948554702801
41,78.0,112.84618550968786,92.38437627337558,133.30799474600013,68.70175238568518,46.849307941355335,90.55419683001504,86.30974905694765,57.485200206340494,115.13429790755481,80.2721370844492,43.39113420107714,117.15313996782128,76.66541571900385
42,104.0,107.60555952060056,87.30144077390644,127.90967826729467,68.50233376212076,46.63197296533342,90.37269455890811,86.46597315853653,57.63978372509607,115.29216259197699,78.9631046046646,42.07920232155668,115.84700688777251,77.76509479944183
43,72.0,110.21838260788823,89.79591125820401,130.64085395757243,67.94035704638839,46.05584214964995,89.82487194312684,87.69992222207213,58.8535419356563,116.54630250848797,79.78909895155063,42.896394436803874,116.68180346629738,78.59819836776235
44,89.0,115.96304895530402,95.43541827103671,136.49067963957134,71.06141150489213,49.18119999761574,92.94162301216852,90.73967877474625,61.882463879037424,119.59689367045507,82.94188882116423,46.052121181486534,119.83165646084191,78.41821696013663
45,123.0,105.63385350729315,85.28152384542877,125.98618316915756,63.22959386984121,41.2662214031633,85.19296633651913,83.23670061123505,54.270202214675024,112.20319900779508,74.58852498080195,37.60209103661632,111.57495892498754,73.12525781128375
46,89.0,105.38767515435423,85.10452869681599,125.67082161189244,66.56115171318484,44.65425693743073,88.46804648893895,85.02678371166213,56.14456055711555,113.90900686620874,77.1714860171912,40.24687885454306,114.09609317983934,72.27409688686025
47,74.0,94.30040050955978,73.72985023078151,114.87095078833804,47.321577395906715,25.159562929841854,69.48359186197156,72.22266956134155,42.933875831753376,101.51146329092973,62.04058120949385,24.81146964377083,99.2696927752169,53.29718881829049
48,60.0,92.5965070430971,72.06677083554494,113.12624325064927,47.184862122950854,25.01800616539283,69.35171808050887,71.52713561023539,42.22289260238091,100.83137861808987,61.4726039600539,24.230745217889098,98.71446270221871,54.80426597198735
49,59.0,95.73644499252664,75.1253000041336,116.34758998091968,47.81785887106156,25.69501796228947,69.94069977983366,71.47256431702569,42.211932241080845,100.73319639297054,62.86321455987838,25.65255930607531,100.07386981368145,53.54284363729355
50,65.0,100.65135014734855,79.92914200233314,121.37355829236397,50.30041871321185,28.16183921970985,72.43899820671383,75.35341941384334,46.07237989739177,104.6344589302949,65.67031851108423,28.460100205734296,102.88053681643414,62.21659612899666
51,68.0,98.99093716293105,78.2895200407174,119.69235428514466,48.43233795198135,26.2765360538908,70.58813985007191,73.40752498672181,44.10175994734701,102.71329002609662,63.881913708571396,26.64322423236237,101.12060318478042,55.81730534862851
52,57.0,91.37070860299474,70.81326745736386,111.92814974862561,47.002794373041255,24.843044171333503,69.16254457474902,71.57010930031534,42.27048449110818,100.8697341095225,61.81194870885405,24.57632244832491,99.0475749693832,54.45369191698847
53,58.0,90.44013048081615,69.84928625373958,111.03097470789272,48.576425366766706,26.415319509246093,70.73753122428731,74.46810510195449,45.17152219464973,103.76468800925929,63.92976078106682,26.72131168407076,101.13820987806287,48.785723836266634
54,59.0,92.75934955187354,72.16267918407364,113.35601991967346,48.77148336429632,26.598036172240537,70.94493055635212,74.19775176923855,44.872620548078594,103.52288299039847,63.809906827835086,26.5801213474852,101.03969230818497,51.59295277665835
55,64.0,91.17392727846166,70.60096953450572,111.74688502241759,51.40168255604754,29.291187030364373,73.51217808173071,76.20554070971036,46.972506198582764,105.43857522083796,66.44390954471599,29.282806096172965,103.60501299325901,49.43012481088448
56,64.0,105.50738118975593,84.60291029952992,126.41185207998191,56.77470093188662,34.60848213706143,78.94091972671181,83.4431741238456,54.05155226208037,112.83479598561081,72.89159296538347,35.675499030446694,110.1076869003202,64.14137839216038
57,65.0,95.48485482184056,74.87911039374423,116.09059924993687,53.32225860603447,31.224300953645052,75.42021625842389,77.04174065670708,47.80357795865282,106.27990335476133,67.95011167421569,30.78709080837031,105.11313254006109,53.91967500770818
58,62.0,89.20000635380117,68.62873722598658,109.77127548161576,49.004112122714275,26.854620295619466,71.1536039498091,74.02158257477794,44.72782140204925,103.31534374750663,64.12072756224363,26.910942530046317,101.33051259444095,42.97029580550826
59,62.0,93.207376892914,72.61876753539592,113.79598625043208,50.689354185736356,28.540256760955483,72.83845161051724,75.3445331468212,46.03980369925783,104.64926259438457,65.44663262452339,28.238571294922853,102.65469395412394,48.89335926343132
60,61.0,100.27697804738172,79.53658024797095,121.01737584679249,52.20658918196262,30.10247239636848,74.31070596755676,77.04702152503518,47.802764411865375,106.29127863820499,68.00240241168251,30.822148986258366,105.18265583710665,53.601361799237964
61,64.0,97.87641132668055,77.16350437676871,118.58931827659241,50.27078050001754,28.13443878365828,72.40712221637679,75.87548872445973,46.594091977641554,105.1568854712779,66.15084463714318,28.948057392816356,103.35363188147001,56.9628775254389
62,67.0,96.06437629500861,75.43880728087113,116.6899453091461,51.54387591777644,29.414953315078993,73.67279852047389,76.58224481405922,47.318223302123876,105.84626632599458,66.57149406179309,29.392027526275783,103.7509605973104,56.71074732009801
63,64.0,87.57844768892978,67.07357446793597,108.08332090992359,50.06293713659761,27.910551192898115,72.2153230802971,74.90475922740046,45.61889874702449,104.19061970777642,64.17578846194029,26.98904815008099,101.36252877379957,47.12140309649418
64,62.0,90.02253142632162,69.49702073009215,110.54804212255108,51.987831124111906,29.846233339349705,74.12942890887412,76.58707135541641,47.301795713037045,105.87234699779579,66.01118008539832,28.83921534567936,103.1831448251173,55.525796082107576
65,60.0,90.33402746202913,69.78146494790205,110.8865899761562,50.14948821987331,27.99430346694619,72.30467297280043,75.3200382201096,46.023434046703734,104.61664239351545,64.7396741658637,27.544105568046916,101.9352427636805,50.652417503248465
66,62.0,93.21710090307049,72.6491121477984,113.78508965834257,51.02027076115044,28.89117486822699,73.1493666540739,76.31474025810405,47.06741790463257,105.56206261157551,65.78495755217706,28.62098308677273,102.94893201758141,55.68483452264234
67,63.0,90.25477186463479,69.67233930243923,110.83720442683037,48.926995023723194,26.781392101218366,71.07259794622803,74.61175622785571,45.338870208945636,103.88464224676575,64.29277117714757,27.0997874594131,101.48575489488202,48.23546649508538
68,64.0,93.17657695138438,72.56954852796507,113.7836053748037,48.85710549214776,26.721773206365985,70.99243777792952,73.83604827569643,44.568170094159704,103.10392645723316,64.23202728063535,27.030833408945238,101.43322115232544,49.74557523053413
69,70.0,93.88630408236632,73.27710792694417,114.49550023778848,50.44610883833971,28.32702956222661,72.5651881144528,76.15080470798746,46.91806631520853,105.3835431007664,65.84325470288657,28.682974219123764,103.00353518664937,56.3131596062936
70,65.0,91.69794939746538,71.14932299412303,112.24657580080773,51.539913937865386,29.416035846438174,73.66379202929258,76.26553167996248,47.01540624601616,105.5156571139088,65.97112631489516,28.80821005020761,103.13404257958273,56.193511602468796
71,87.0,101.68930641141834,80.92922107462452,122.44939174821216,50.28679924477014,28.179811742076232,72.39378674746405,76.07992802577033,46.856188582025766,105.30366746951489,66.12466842727127,28.960283597897384,103.28905325664515,55.56760137856896
72,81.0,104.9603512007718,84.10217335391347,125.81852904763011,51.38096128736617,29.280983933719135,73.48093864101321,77.22899381682572,47.999857644802695,106.45812998884874,67.56474410937122,30.39383624881485,104.73565196992757,61.05976286187002
73,64.0,110.22484914663866,89.57558668122644,130.87411161205085,63.737516209246024,41.80829137966126,85.66674103883079,85.54237481888646,56.58512223838182,114.49962739939113,77.66924146267802,40.69987407782593,114.63860884753012,74.69322412810395
74,63.0,98.9976526100145,78.56089481936439,119.43441040066459,58.736414251508236,36.75189573992171,80.72093276309478,80.72368350860334,51.713729659923104,109.73363735728358,71.83085607608542,34.82169516635899,108.84001698581186,66.50974699298676
75,60.0,99.02675491397214,78.57033747086834,119.48317235707594,58.56965267910271,36.60925758663365,80.53004777157174,80.94307384655365,51.9708142937923,109.91533339931499,72.12084511432828,35.141914077351785,109.09977615130477,62.48770605530395
76,65.0,105.83061597058912,85.25559894578184,126.40563299539642,61.83724931776529,39.84715205895343,83.82734657657717,85.54112460843044,56.50030139782985,114.581947819031,75.43051359136133,38.44058684225834,112.4204403404643,73.67492904082665
77,72.0,106.93105558893164,86.33389295171115,127.5282182261521,62.11534169942396,40.122883862446,84.10779953640193,85.76124649035145,56.71364262307769,114.80885035762523,75.72900029416519,38.73275166702774,112.72524892130264,73.3845612604854
78,67.0,107.5526021040571,87.02319280837267,128.08201139974153,63.447216840146005,41.509019981499044,85.38541369879296,85.0642291597726,56.11662874738557,114.01182957215961,76.42109418792563,39.46430004831837,113.37788832753292,73.62459787439461
79,71.0,79.04074388418799,58.41670946890369,99.6647782994723,39.60734959975272,17.334931739604382,61.879767459901075,67.19627759684214,37.74854060596347,96.64401458772079,55.22293756329971,17.868723289601803,92.57715183699763,43.129620721170085
80,50.0,83.10218909121775,62.46815304241658,103.73622514001893,41.113891353691244,18.878548051096292,63.3492346562862,68.57336995937297,39.17766822867021,97.96907169007572,57.06759288055877,19.761334943765466,94.37385081735206,47.05211639555126
81,48.0,67.33192541529618,46.40736943020926,88.25648140038311,27.069832902459822,4.6239114094275955,49.51575439549207,54.701510260192585,24.9965091778886,84.40651134249659,44.27806484001202,6.5464893262431465,82.0096403537809,29.704936652586248
82,43.0,55.45116193450525,32.562013631271896,78.3403102377386,9.122859044711188,-13.905147149806254,32.15086523922862,43.716285095623526,13.354932757340219,74.07763743390684,30.109561160696558,-8.583409631190902,68.80253195258402,11.986545644156584
83,38.0,60.12318758687774,38.0057097725805,82.24066540117497,11.134023461497813,-11.856557907304758,34.12460483030038,45.888935356880204,15.551673064046309,76.22619764971411,32.671559581006576,-5.879413476993164,71.22253263900632,12.275903553836242
84,40.0,66.23872656311534,44.22279848416413,88.25465464206654,10.912709447400829,-12.14472755860985,33.97014645341151,45.19345842674215,14.74795913525242,75.63895771823188,33.40156057285564,-5.130059379188882,71.93318052490017,21.863232707398012
85,41.0,68.5311349306174,45.789189765217245,91.27308009601754,9.659941951811462,-13.517457426820378,32.8373413304433,43.778709506949426,13.24941212988436,74.30800688401449,31.18141497876812,-7.600364989214853,69.9631949467511,18.898948826431926
86,41.0,75.83105848509126,51.77220753548881,99.8899094346937,13.404367041933702,-9.717363484798874,36.52609756866627,47.69983252967695,17.180821878470464,78.21884318088343,35.81600074109717,-3.16757907970149,74.79958056189582,24.779872913873334
87,42.0,79.31835837468633,56.835185548065674,101.80153120130699,15.19127244977148,-7.884006753958585,38.266551653501544,49.781941279199685,19.320171831377916,80.24371072702145,38.087238380609215,-0.59741633120228,76.7718930924207,27.590615002001147
88,33.0,89.62355545962434,66.77846784452495,112.46864307472373,18.24097443639359,-4.803610629543086,41.285559502330266,52.576140925885035,22.05901141104353,83.09327044072653,42.22633027241503,3.508103214271265,80.94455733055881,32.51183294124642
89,40.0,89.81911376161473,66.18794705589606,113.4502804673334,18.18941589807126,-4.906885663366853,41.28571745950937,53.451020304674216,22.662426866257306,84.23961374309114,44.22539138563659,5.269390029567867,83.18139274170531,27.238205402521668
90,45.0,92.92732053114327,69.33164108929488,116.52299997299167,19.601616633536473,-3.5563979907455194,42.75963125781848,55.498256286382976,24.553979391457194,86.44253318130878,46.68085731283182,7.638997558412588,85.72271706725104,31.33782966490763
91,41.0,92.41323033082767,70.70401841024751,114.12244225140783,33.627123927735205,11.160921387087104,56.0933264683833,61.442180180970645,31.42956929906254,91.45479106287877,55.07034044709518,17.228029642821067,92.91265125136927,40.04574099049653
92,59.0,84.8955406623274,63.49672398386802,106.2943573407868,32.799295559955986,10.38113438232277,55.21745673758921,59.963887907418076,30.074782991417738,89.8529928234184,53.28567638268595,15.542125277235234,91.02922748813667,37.0990535385186
93,53.0,86.1187185390548,64.74703720060997,107.49039987749963,30.91876193768477,8.468178874379523,53.369345000990016,59.7987975133597,29.901043975006065,89.69655105171333,51.64656529537918,13.899949565038803,89.39318102571956,33.31566754353936
94,47.0,71.56583953412814,50.508013491639055,92.62366557661724,23.310389447954382,0.8033984836057171,45.81738041230305,49.842113810278086,19.893512365065064,79.7907152554911,41.6578905978939,3.855787319021372,79.45999387676643,23.56612930751081
95,43.0,72.09904096854588,51.09693957742645,93.10114235966529,22.79222047303638,0.2517486104523972,45.33269233562037,50.04019096213325,20.07788750138664,80.00249442287986,40.89797061176546,3.0692721083745966,78.72666911515633,28.75050555703308
96,42.0,69.86894199446053,48.877826570043005,90.86005741887806,22.197299653585027,-0.425692911422447,44.8202922185925,50.29419293792587,20.305598238123228,80.28278763772852,39.428229762832764,1.4985596788352085,77.35789984683032,31.266998272065205
97,46.0,65.9903080368057,45.05060551949138,86.93001055412005,21.359787281844717,-1.3673028715859963,44.086877435275426,48.252180657389296,18.093542367777427,78.41081894700116,37.06612733120037,-0.9748974070442944,75.10715206944504,29.47719608640743
98,40.0,62.530330129483886,41.53666696986936,83.5239932890984,21.399762342334856,-1.340324761730852,44.13984944640056,48.37059573759084,18.23017433608841,78.51101713909327,37.03020874518223,-1.0245936146031693,75.08501110496763,27.959202799589058
99,51.0,70.63737029339919,49.598793806292065,91.6759467805063,24.438244751594713,1.8223567849208024,47.054132718268626,52.78609649352091,22.85092951418805,82.72126347285378,41.52790159210429,3.5933420412082513,79.46246114300033,31.348713190876058
100,47.0,71.15175425638473,48.649182410101986,93.6543261026675,22.842037676713144,0.2364785051617435,45.44759684826454,49.77652400306122,19.84366363516396,79.70938437095847,38.931511295087425,0.7433640160906381,77.11965857408421,34.36332262735963
101,43.0,59.90336467547076,38.93421051214523,80.87251883879628,19.203442842527874,-3.4775244595798878,41.88441014463563,46.153526512957804,16.057665242166696,76.24938778374892,35.06710221809416,-2.9504746138085833,73.08467904999691,22.48361986563245
102,41.0,77.70634131179989,56.680289471354456,98.73239315224534,29.577197054534473,7.107929711776182,52.04646439729277,56.842124908148136,27.033539445227706,86.65071037106856,47.5508575218573,9.824544271349605,85.27717077236501,35.0622836575461
103,49.0,95.4987442116571,73.88815534549279,117.1093330778214,41.76421767096457,19.205922287956184,64.32251305397295,72.64487540958767,42.57927066534141,102.71048015383393,62.72725428585313,24.88735525180797,100.56715331989825,57.860239336442476
104,60.0,97.27576901644198,75.36643766262789,119.18510037025608,46.47191394967842,23.76594462080908,69.17788327854775,78.18945054694095,47.77729582372672,108.60160527015516,69.0168158669801,30.91859952415637,107.1150322098038,55.99264162929043
105,62.0,96.6723981894009,74.6311702126735,118.71362616612831,44.3509424057943,21.70198306543447,66.99990174615412,75.13233391549718,44.68754070359936,105.57712712739497,68.23465419947509,30.07193362424681,106.39737477470338,51.07767034238352
106,69.0,98.2339466752837,76.12994749345647,120.33794585711092,44.657178875724526,21.953396824196794,67.36096092725226,77.1994835878332,46.665401165518,107.73356601014841,69.11341838148797,30.87306823514365,107.3537685278323,56.33402136290767
107,58.0,98.2796081092397,76.0772594003178,120.48195681816162,47.071836026044956,24.27475917911659,69.86891287297333,79.78942935816946,49.06739675200027,110.51146196433862,72.0795676149986,33.64433106759378,110.51480416240342,55.85848541427825
108,69.0,99.10901401308719,76.76534598323987,121.45268204293451,57.14453600742566,33.965299368157424,80.3237726466939,84.38734979639953,53.47038136713402,115.30431822566507,80.16531032448975,41.32625394048589,119.0043667084936,67.02676568470594
109,72.0,75.90556415210595,54.59705653203532,97.21407177217661,45.41092717505816,22.936062599882124,67.88579175023419,63.51737097359993,33.69403193926466,93.3407100079352,61.227640347268924,23.564673423295112,98.89060727124274,47.25941775545911
110,67.0,82.681908598778,61.24051832187904,104.12329887567692,46.98777678583345,24.395678997812695,69.5798745738542,65.70264215971591,35.85468049481008,95.55060382462173,63.126291162227524,25.35989102674067,100.89269129771438,51.23103635636598
111,62.0,79.30787994665214,57.86454548620339,100.75121440710089,46.466036653112965,23.884045480908988,69.04802782531694,64.64748250043172,34.79247343618162,94.50249156468183,62.700110895451694,24.926374912934275,100.4738468779691,52.82304871140061
112,65.0,76.89453207753708,45.591973061845245,108.19709109322889,49.25551421156018,24.913741058520547,73.59728736459982,58.91650897879645,27.086801752649716,90.74621620494318,59.33555870187737,20.455126053926357,98.21599134982839,57.78645939347823
113,71.0,74.48194226772641,48.326684146287285,100.63720038916553,45.685150430025416,22.13707421020075,69.23322664985008,56.62491208396508,26.00100052118051,87.24882364674963,56.4465996100893,18.04815086746659,94.84504835271201,49.368604548124225
114,65.0,69.6115222184824,44.743363995505625,94.47968044145918,45.09061530336579,21.365771250478897,68.81545935625267,55.134307895759314,24.615686091011337,85.65292970050729,55.13600224662363,16.831520170164648,93.44048432308261,45.687427964185595
115,71.0,85.45794544654747,63.87403824054946,107.04185265254546,60.144293223350054,37.74548324523042,82.54310320146968,67.19478398011746,37.50253096295641,96.88703699727851,69.60933588968153,32.149984866187395,107.0686869131757,64.5575118883493
116,103.0,104.22023674793749,83.68324540150343,124.75722809437154,94.2198621193785,72.54071093489196,115.89901330386505,93.53358732325329,64.60681886921574,122.46035577729081,97.08888828601886,60.37609294156517,133.80168363047252,101.74594916651029
117,119.0,126.97128371200272,106.68743797807169,147.25512944593373,103.66538361691988,82.04662356591261,125.28414366792714,108.58995115737869,80.06700032253535,137.11290199222208,109.19350380597116,72.58142037893114,145.80558723301118,124.40292563401948
118,107.0,127.31113958285012,107.35445142419714,147.2678277415031,111.79041462635237,90.23330880433858,133.34752044836617,115.94795442744532,87.62405675190422,144.2718521029864,114.31103107553487,77.80405170271288,150.81801044835686,126.76782302875716
119,90.0,125.80106307659649,105.79750820418582,145.80461794900717,113.59046102859203,92.01058201513472,135.17034004204936,116.3104685461765,87.89810234974817,144.7228347426048,116.38086056695447,79.86036536908888,152.90135576482004,117.60230079163665
120,98.0,126.9446661871803,106.89933896599902,146.9899934083616,116.86578274778725,95.2705093546923,138.4610561408822,119.40803371753562,90.93886337405401,147.87720406101718,120.29588425593518,83.75391116922506,156.83785734264526,125.03420639367489
121,99.0,120.20947147795793,100.13803561520774,140.28090734070813,112.50600020519494,90.85884910497971,134.15315130541015,115.40823372383306,86.79371308859966,144.02275435906648,116.12943610405364,79.55820101032155,152.70067119778574,123.37219625312747
122,89.0,107.68225263257888,87.54887730328322,127.81562796187453,109.17550605537821,87.48899035345843,130.86202175729798,111.16999619840003,82.47110714872875,139.8688852480713,111.94580273883041,75.34087536413472,148.55073011352607,109.75823304903204
123,92.0,100.3291979708983,80.18971002224093,120.46868591955568,106.32029968624174,84.68115253260895,127.95944683987453,108.56343040390016,80.03495579796086,137.09190500983945,107.48264222999596,70.88287685230368,144.08240760768822,106.70027843494111
124,59.0,98.09172547089156,77.87949567275577,118.30395526902736,108.49995897796379,86.87304492940707,130.1268730265205,110.63409814241018,82.14690018248724,139.1212961023331,107.0670733957341,70.43276958027488,143.70137721119332,109.78482019056872
125,93.0,109.1427463677076,89.16563108961694,129.1198616457983,109.07876160892665,87.48568691256554,130.67183630528777,110.60044051692643,82.18891629100868,139.01196474284416,108.72820664478891,72.16108191572924,145.29533137384857,114.09484950349398
126,98.0,112.05611498937688,92.07810247074572,132.03412750800805,109.28747908827617,87.67700025756375,130.8979579189886,111.46411881351672,83.02951896993649,139.89871865709696,108.89742301816136,72.30519382223976,145.48965221408298,114.5671277301225
127,97.0,113.29246442499627,93.33563454496986,133.2492943050227,112.33049522524773,90.76274889949,133.89824155100544,115.1479548109657,86.80566494505759,143.49024467687383,111.89608850915718,75.36045552432226,148.43172149399206,117.43337814159061
128,97.0,114.7552814201533,94.82381890349663,134.68674393681,113.15342594396516,91.60701290226758,134.69983898566275,116.76300678400436,88.4649391985079,145.06107436950083,113.52901097414576,77.02834778614637,150.02967416214517,122.37811835094188
129,111.0,120.82456124695072,100.91932249195371,140.72980000194775,115.09996308887513,93.56189404074723,136.638032137003,119.18850163780995,90.90245077366055,147.47455250195938,115.54295943513523,79.05845888749444,152.02745998277604,127.62374334251696
130,104.0,127.42278314769638,107.4531209743008,147.39244532109197,121.28661012705032,99.7201245796157,142.85309567448493,126.77948403842184,98.37929303572956,155.1796750411141,121.9563041587854,85.45730962972482,158.45529868784598,133.4461474832764
131,143.0,148.53569161887833,128.2241285942319,168.84725464352476,132.44822723252952,110.79435168486259,154.10210278019642,139.78957535836602,111.03213922350879,168.54701149322327,137.58038923642317,100.81111519758501,174.34966327526138,150.92718614691728
132,134.0,120.38994957872093,100.43006018622215,140.3498389712197,112.28118868766536,90.74379990558518,133.81857746974552,120.41984595341597,92.06427283988306,148.7754190669489,117.02466735851574,80.51969484711927,153.52963986991222,123.48449989546683
133,115.0,128.17451538179097,108.1557920559137,148.1932387076682,112.32647074318268,90.78260396626762,133.87033752009773,119.7050780758087,91.36848889477682,148.04166725684058,116.9771678479839,80.46677935607539,153.48755633989245,124.02646374336038
134,106.0,120.32289874558852,100.37756033676305,140.268237154414,107.4946587729829,85.94879311990364,129.04052442606218,114.30774892923205,86.00435551086672,142.6111423475974,111.34363866933411,74.84945969502431,147.83781764364394,120.03198751362746
135,101.0,108.20498554032156,88.2442808297077,128.16569025093543,103.30686896282995,81.72475955397157,124.88897837168835,108.63393304088714,80.26222860885706,137.00563747291721,105.98514627709838,69.45293545530382,142.51735709889297,112.03697847271597
136,90.0,97.12012247910255,76.99867224530507,117.24157271290001,99.4835668029441,77.82748599505234,121.13964761083585,104.373822905286,75.87054924379797,132.87709656677404,99.7739136900988,63.11072233712799,136.4371050430696,104.78182466679124
137,87.0,106.8119381924375,86.83743336579398,126.78644301908099,102.52715485946239,80.91688524536828,124.1374244735565,109.39878533058108,80.98725314692692,137.8103175142352,104.09602328366343,67.5314261718663,140.66062039546057,113.99447556677592
138,92.0,108.33619761809115,88.38092446685773,128.29147076932452,101.39146204561244,79.78074788023186,123.00217621099303,107.10233924642613,78.6975678139077,135.5071106789446,103.14539479140579,66.56335792938619,139.72743165342538,111.51772481786077
139,111.0,121.56798101132166,101.62043876075137,141.51552326189196,104.35841286010977,82.78845638262538,125.92836933759415,110.80275446380192,82.47143935315198,139.13406957445187,107.41078399785756,70.89071783658014,143.93085015913496,115.87663878846311
140,122.0,124.29874990550728,104.35116724041946,144.24633257059511,108.8758118056896,87.33560680858423,130.41601680279493,115.08414678786286,86.80053653613709,143.36775703958864,111.88600268460844,75.3990726994377,148.37293266977923,122.67314417398022
141,114.0,102.90584051398437,82.92412766291545,122.88755336505328,96.69003487374837,75.09487080241699,118.28519894507974,105.36025761759764,76.9940406721872,133.72647456300808,100.20875180763876,63.66194716397097,136.75555645130655,103.45371575078121
142,102.0,106.92154865396908,86.97627258033434,126.86682472760384,97.28098758796212,75.68884742875116,118.87312774717307,105.83384095390791,77.47624742072223,134.1914344870936,100.96426848550723,64.42216152810099,137.50637544291348,106.46005481408862
143,102.0,108.96642939659921,88.99618327385177,128.93667551934664,97.51610533839394,75.90365445105729,119.12855622573059,107.37842523408513,78.98031739123046,135.77653307693984,101.35151983658105,64.79527514376801,137.9077645293941,108.85931844196875
144,106.0,109.86604243132741,89.8996438486997,129.83244101395516,94.28593198700567,72.66013626627397,115.91172770773736,104.35493195897538,75.94486708586665,132.7649968320841,98.62820967378606,62.04919917796538,135.20722016960676,106.13767935012153
145,103.0,114.37592494237991,94.24112201105486,134.51072787370492,90.0120452082836,68.37403302423691,111.65005739233027,103.94437759417421,75.45659550471592,132.4321596836325,98.49671910939313,61.895328283275745,135.09810993551054,104.60552009305809
146,100.0,116.77048889956606,96.69416671911361,136.84681108001854,93.51848038859897,71.88102631962157,115.1559344575764,106.10947896608545,77.66078370073777,134.55817423143316,100.34886129919981,63.75807922953683,136.9396433688628,108.59201122073186
147,102.0,113.327336645295,93.22708120072707,133.4275920898629,90.08037788609604,68.4299728545854,111.73078291760669,104.47215191169035,75.9907229233599,132.95358090002077,97.9105728461976,61.30911957622066,134.51202611617452,107.51638979617492
148,94.0,102.7272710877303,82.69863546496997,122.75590671049063,84.41930168226844,62.69787061839794,106.14073274613894,97.43477969175984,68.85743014104676,126.01212924247291,90.21340376849373,53.53366755574251,126.89313998124497,101.51569075956773
149,89.0,106.44850730295757,86.40384156356419,126.49317304235092,88.58467227362799,66.88844204578453,110.28090250147143,101.89376533278421,73.34888308918225,130.4386475763862,94.59054317438881,57.953387208004024,131.2276991407736,104.0265128730949
150,92.0,122.03437010351726,102.02418733497599,142.04455287205855,102.01559059800226,80.4218949723014,123.60928622370312,111.52450063334163,83.14402208985153,139.90497917683174,106.45131031449219,69.90963066757372,142.99298996141067,119.90557960328648
151,101.0,117.50310231919214,97.53408224877955,137.47212238960475,104.00731994644013,82.39380242953683,125.6208374633434,112.87787639429916,84.46371338854732,141.292039400051,106.6274409245274,70.06937248915833,143.18550935989646,121.1173359826205
152,114.0,113.39838616807687,93.38796461624871,133.40880771990504,99.92481216923422,78.27953304555953,121.5700912929089,109.81171780687717,81.3462183783078,138.27721723544656,102.91769838940561,66.31600534349185,139.51939143531936,115.39678061889173
153,95.0,121.12728405986914,101.05930973295204,141.19525838678624,118.91675704665535,97.34130276345918,140.49221132985153,124.65651028038468,96.23481837723835,153.078202183531,118.79296676398677,82.24727434259931,155.33865918537424,133.57743339622004
154,103.0,126.17984450172847,106.20485898319515,146.15483002026176,120.09068501571711,98.55661299596507,141.62475703546914,125.6405300217714,97.30893554922886,153.97212449431396,121.56714019038651,85.07883960290303,158.05544077787,133.4407228196805
155,103.0,123.39566978236446,103.3818184582526,143.40952110647635,119.34192649641898,97.80017076965878,140.8836822231792,125.22318545985435,96.84911416370448,153.5972567560042,121.12366482790796,84.62489366187759,157.62243599393832,132.42545975476912
156,114.0,131.15787211353015,111.13139000616353,151.18435422089678,123.1172419747712,101.59908460644208,144.63539934310035,130.37055332911135,101.95264978386696,158.78845687435577,126.37982406618895,89.89122452236151,162.8684236100164,133.63834949825878
157,112.0,150.40879826415357,130.37649506490658,170.44110146340054,148.1324465055689,126.56592955377516,169.69896345736262,149.9960465287457,121.3979810786511,178.59411197884023,149.06805743531493,112.44600256339315,185.69011230723672,161.87379534554856
158,171.0,159.44786449733934,139.20760302695095,179.68812596772773,152.9880480793187,131.32296532194545,174.653130836692,157.66044254737804,128.5989558054289,186.72192928932722,156.39939027801861,119.52914787810772,193.26963267792948,165.88050930695698
159,184.0,144.4304345065289,124.42785936826857,164.43300964478928,144.35120297294188,122.8271011233435,165.87530482254027,147.26858331489146,118.7709415298614,175.76622509992154,144.7582055282625,108.21340207989711,181.30300897662786,154.21119704190068
160,168.0,148.8942505791539,128.79301002239532,168.99549113591246,140.68303565941892,119.16626568998248,162.19980562885536,145.64777943239628,117.17653254105969,174.11902632373287,140.93388734879778,104.42478002991677,177.4429946676788,159.51909654578606
161,41.0,68.25494090332157,39.02724040292171,97.48264140372144,-5.272005773017441,-29.128589539137057,18.58457799310217,36.425836170934446,5.008687617036816,67.84298472483208,19.566736827881748,-20.394078804542048,59.52755246030554,304.84028699347436
162,36.0,56.02672020169892,33.49483672675266,78.55860367664518,1.1706023039501459,-22.210019071201984,24.55122367910227,43.931728381046334,12.990591009251263,74.8728657528414,28.153357724010572,-10.857540389746115,67.16425583776726,14.867097984203985
163,33.0,68.3480094114762,46.88888235669532,89.80713646625709,20.11076018422842,-2.6461812112756236,42.867701579732454,57.90857384462657,27.63514712913645,88.18200056011668,43.72605626476027,5.707506441449522,81.74460608807101,34.77152968902828
164,44.0,79.28856648430848,58.24641747182806,100.3307154967889,37.04550119483335,14.655773989874378,59.43522839979232,69.7554497646722,40.002861470735745,99.50803805860866,57.35568332073608,19.85644254232038,94.85492409915176,56.27258533344252
165,66.0,78.8999547922564,57.9119760192606,99.88793356525218,37.74465006403577,15.39599966051077,60.09330046756075,69.37920493994334,39.69569950992104,99.06271036996564,57.79678545916684,20.333840035408443,95.25973088292525,49.92003493529963
166,53.0,95.83900749102158,75.10287266062511,116.57514232141803,54.665292460237524,32.597105539481525,76.73347938099351,80.63557432650258,51.403778114867144,109.86737053813802,71.62454319610437,34.48641133854233,108.7626750536664,74.13360234567878
167,62.0,86.1460032243966,65.61812415502934,106.67388229376382,49.206493265167055,27.143551590255043,71.26943494007907,73.1323091552477,43.966658001909316,102.29796030858607,64.48856611762405,27.371094451293047,101.60603778395506,64.44501621818947
168,73.0,109.80248441671581,89.65100709604472,129.9539617373869,84.56873798253086,62.850702530537085,106.28677343452465,101.07363180526235,72.48880515337821,129.65845845714648,92.86120453434056,56.19903169350933,129.52337737517178,102.31468123007309
169,87.0,105.51662638652896,85.36167337029981,125.67157940275808,86.74122098873835,64.96022046389119,108.52222151358549,101.88921209291529,73.20843439515663,130.56998979067396,92.60784700074355,55.86599824741983,129.34969575406728,102.28016353783383
170,98.0,127.88380833087196,107.85061129773833,147.91700536400558,114.19035016278056,92.60600507936763,135.77469524619346,121.95434395357613,93.54966815049106,150.35901975666118,116.39170312505439,79.84938062668579,152.934025623423,134.15912683439169
171,101.0,127.53088286580001,107.4078598461426,147.65390588545742,114.70850884993402,93.11330604278396,136.30371165708405,123.91479256028256,95.43051327581611,152.39907184474902,116.79631437938602,80.23855124268246,153.35407751608957,132.19439380847655
172,108.0,128.71145052796976,108.50663045426282,148.91627060167673,117.15410849611948,95.52229154618574,138.78592544605323,125.34347627672713,96.7715873197331,153.91536523372113,118.75904300330812,82.14162633847218,155.37645966814404,131.37079148087997
173,112.0,138.75184154476284,118.54215160320018,158.96153148632553,129.1559397283024,107.5840043513933,150.7278751052115,135.08303246601295,106.53809541610637,163.62796951591952,129.48162364586852,92.91581842082381,166.04742887091325,146.18892211690374
174,124.0,140.60658230058792,120.38346552397815,160.8296990771977,130.85191562245677,109.28134804602558,152.422483198888,137.5700053210726,109.0091090225245,166.1309016196207,130.80966349924898,94.24603814789288,167.37328885060515,147.59496623590505
175,122.0,134.22201469646197,113.98484543900635,154.45918395391757,129.64142487931755,108.03709754537148,151.24575221326364,135.64499332097606,107.05856046055158,164.2314261814005,128.72060512357598,92.11289247135011,165.32831777580188,149.10384083823305
176,119.0,126.5850855177458,106.30443516433597,146.8657358711556,128.26772165441432,106.64001746100527,149.89542584782336,132.51501413425893,103.92234333852183,161.10768492999605,126.53413839019787,89.88306073468479,163.18521604571097,147.54313631841538
177,110.0,123.1283986309762,102.77317911682859,143.48361814512384,127.76847337193416,106.12811026187183,149.40883648199647,132.6807755023088,104.05427655915489,161.3072744454627,125.93170886981581,89.26383037428155,162.59958736535006,138.7112088027088
178,115.0,138.90415173100175,118.60082043104309,159.20748303096042,132.0720143635291,110.51080116206391,153.63322756499423,139.26632554902687,110.62908910555946,167.90356199249428,132.1992063809209,95.63044540075192,168.76796736108992,148.90296709304363
179,123.0,134.9002555869879,114.70785921973034,155.09265195424544,133.95160537411246,112.4000956230933,155.50311512513164,138.4953699809122,109.96303832787488,167.02770163394948,133.20756825595686,96.65239380550943,169.76274270640428,150.6611319056289
180,140.0,117.73417263996798,97.28839626234354,138.1799490175924,118.77876464495272,96.91287439553545,140.64465489436998,120.43928858503861,91.3715740790116,149.50700309106563,118.43018814593404,81.57186604341288,155.28851024845522,127.23979550201638
181,129.0,133.73097371959756,113.4679203620749,153.99402707712025,132.58749952402488,110.98391978963723,154.19107925841251,138.4844490643558,109.86039825375198,167.10849987495965,131.15819437600692,94.55547900306351,167.76090974895033,150.21636251525837
182,132.0,140.52761007016377,120.35582343137708,160.69939670895045,131.79129725881904,110.2264644162128,153.35613010142532,137.3575810670517,108.8490475284902,165.86611460561323,131.51514812108428,94.95856781073182,168.07172843143672,154.73962196845983
183,135.0,141.42794619550216,121.15877135265613,161.6971210383482,130.10464190505883,108.53080450804936,151.67847930206827,136.2793209436514,107.68290085215726,164.87574103514555,130.67607069098568,94.10312213380156,167.24901924816982,150.93580480582213
184,133.0,135.5473546400822,115.31462750740533,155.78008177275908,129.20647925773818,107.61042453575132,150.80253397972507,134.35324709447718,105.77648701180422,162.93000717715015,128.75770567539715,92.15593799033894,165.35947336045535,146.79983017619463
185,128.0,132.88168137650163,112.6574872854966,153.10587546750665,130.8888123550461,109.2945387792932,152.48308593079898,136.00515517284643,107.44375385513418,164.56655649055872,129.61974947574413,93.0193049763717,166.2201939751166,143.64792650883493
186,139.0,135.80528265313814,115.59967398341148,156.0108913228648,129.74030924385335,108.15637041288755,151.32424807481914,135.32379788322405,106.7773314055398,163.87026436090832,129.276388659009,92.69221925643488,165.86055806158313,152.70939255448786
187,119.0,127.77453637335738,107.4700946906101,148.07897805610463,129.29770604926352,107.65407247093093,150.9413396275961,134.04944830549368,105.41269120913374,162.68620540185364,127.07939113065254,90.41157030448501,163.74721195682005,146.81311889531608
188,99.0,112.07000195390526,91.71013883132548,132.42986507648502,107.14818147201123,85.44701110438123,128.84935183964123,117.3108631938386,88.61473717729723,146.00698921037997,109.90098725885314,73.20673944775746,146.5952350699488,120.79025909034281
189,89.0,121.93294528932846,101.66758625337688,142.19830432528005,116.49089645128849,94.89640441489124,138.08538848768575,126.92250081017853,98.32860492965281,155.51639669070423,118.7331739158098,82.16751515025926,155.29883268136038,133.07339869590174
190,99.0,115.18753982025443,94.98375578815067,135.39132385235817,111.52784658189539,89.88555830238744,133.17013486140334,119.30385944055118,90.75332127900217,147.85439760210016,113.22536332652531,76.59953265988058,149.85119399317,129.61478048394378
191,99.0,119.56497109669888,99.37263089892973,139.75731129446805,114.09436877489216,92.47056138864042,135.7181761611439,124.17379143439554,95.61858318397823,152.72899968481283,115.9652806721589,79.38311638955444,152.54744495476336,132.54564943496194
192,109.0,120.66655917944371,100.5816831944339,140.75143516445357,115.83743668018481,94.25972639992953,137.4151469604401,124.07930824232639,95.64899030703624,152.50962617761652,117.63496813045128,81.09814225820334,154.17179400269922,135.45012641845418
193,112.0,121.07096737822664,100.91783053328894,141.22410422316432,116.28607394113749,94.6709973584568,137.90115052381822,125.10908804942792,96.59088858790925,153.6272875109466,117.4956777122863,80.91776579114968,154.0735896334229,134.10244020578762
194,107.0,115.0161913901066,94.68576361141417,135.346619168799,113.3462595484854,91.71684554509015,134.97567355188065,123.35245305023645,94.73949866826199,151.96540743221092,115.35191733599373,78.7388845966426,151.96495007534486,126.78241192027866
195,108.0,129.2179820579751,109.12153949514652,149.31442462080366,118.72708785068852,97.13719394859129,140.31698175278575,128.1375257487668,99.64703066010809,156.62802083742545,120.66966426419766,84.13540530306817,157.20392322532717,135.4405802043284
196,114.0,125.50924522956913,105.42593492795827,145.59255553117995,112.50189404889272,90.89363205442395,134.1101560433615,120.31456476712764,91.83564622221004,148.7934833120452,115.45764765233143,78.89285430531947,152.02244099934336,129.83960337559756
197,127.0,132.15609227660877,112.00453209987027,152.30765245334732,116.94228536350148,95.38220448259084,138.50236624441212,127.28356432081274,98.80100639931047,155.766122242315,120.41244288931719,83.89477360990651,156.93011216872787,137.17940681798922
198,120.0,136.57295316910566,116.41475346553064,156.73115287268067,117.35117049993833,95.80307522062834,138.8992657792483,127.69024517485944,99.23513607309046,156.14535427662847,121.34751147580391,84.84281424441933,157.85220870718848,144.4989584448131
199,126.0,128.84548864351362,108.746386794962,148.9445904920653,113.50862785432633,91.93249996266168,135.084755745991,123.31463052434935,94.86811246408864,151.76114858461008,117.21573276971556,80.68682406306152,153.74464147636962,128.75130106429447
200,130.0,128.5462768311208,108.47790571403809,148.6146479482035,118.3047958058724,96.73035103475863,139.87924057698618,127.30654292043668,98.86282476637139,155.75026107450196,120.38818870060825,83.86582412082099,156.91055328039553,140.04390642056842
201,135.0,136.86915862732855,116.7462406578111,156.992076596846,119.39124006441142,97.82268890774067,140.9597912210822,129.4024240444452,100.93994556900587,157.86490251988457,122.29929254146604,85.78468864676364,158.81389643616845,145.27933037281178
202,117.0,127.81260667896419,107.72927515713836,147.89593820079,113.8513875810018,92.26130856569341,135.4414665963102,122.367856084137,93.91941999033439,150.8162921779396,116.74117964949244,80.19341680714511,153.28894249183975,131.7042954368708
203,97.0,119.64536718833283,99.52864498502773,139.76208939163791,113.53847576585827,91.93537131375201,135.1415802179645,121.52208150655184,93.05273833030593,149.99142468279777,115.44317647082475,78.87085810832293,152.01549483332658,131.49186444823383
204,98.0,117.54755513373067,97.38027218202105,137.7148380854403,110.99289446137259,89.3536310197751,132.63215790297008,120.58220311666938,92.05228459548881,149.11212163784992,112.9729231957213,76.36344086310568,149.5824055283369,132.961639165406
205,94.0,117.62236804637757,97.46771494819832,137.77702114455687,112.98931288295837,91.36116151257526,134.61746425334152,121.74052466057573,93.23152109444399,150.2495282267075,114.43686632152425,77.83741450615997,151.03631813688853,131.62876317451233
206,99.0,119.0266886090136,98.8444477517769,139.20892946625034,112.8147888951185,91.19997072921944,134.42960706101752,121.8451984036409,93.32101619699071,150.3693806102911,115.15482418402452,78.56798340354105,151.74166496450798,135.1956578635131
207,95.0,122.39073339011652,102.30132779349451,142.48013898673852,117.40572603599034,95.82708641557228,138.9843656564084,125.33223598387282,96.89433542790259,153.770136539843,118.83360218777757,82.29328883137033,155.37391554418483,137.0774124044943
208,133.0,123.8652016995138,103.75722936366536,143.97317403536223,115.13221964019145,93.5502856984891,136.71415358189378,124.16764518517626,95.70807891927967,152.62721145107287,117.42249245681757,80.88025767471451,153.9647272389206,136.82649812896244
209,183.0,132.81747722616083,112.65368830262419,152.9812661496975,128.09198675701938,106.50589139397722,149.6780821200616,133.29583360431923,104.78799148124025,161.80367572739823,127.7472282420437,91.16782112235249,164.3266353617349,150.09516856713486
210,121.0,133.03384811448507,112.86962353374767,153.19807269522246,128.65034451794426,107.05800251439284,150.2426865214957,133.65175271138872,105.14157798971814,162.16192743305933,128.00337085865854,91.4148349577564,164.5919067595607,154.224672150573
211,120.0,133.082961699452,112.80009280037363,153.36583059853038,130.53242019365595,108.93023402815764,152.13460635915428,137.0253552890272,108.40505903495098,165.64565154310344,129.6870746183919,93.08026583043765,166.29388340634617,164.33172580292117
212,127.0,130.54188346753904,110.07992145755095,151.00384547752714,137.46961281332892,115.79928966061955,159.13993596603825,141.35449063614993,112.57909984475546,170.1298814275444,133.78935548335562,97.0742174696908,170.50449349702046,158.24396721521114
213,173.0,143.46281131640652,123.22532613821366,163.7002964945994,145.9540953223595,124.34032376421844,167.56786688050056,145.18675760503845,116.5757273334666,173.7977878766103,142.19028998597298,105.54481986789752,178.8357601040485,167.4784341219417
214,161.0,121.7849781637387,101.30772718450552,142.26222914297188,128.0770538938388,106.33598738560637,149.81812040207123,133.16664522310433,104.32479974721339,162.00849069899525,124.79212660291124,88.01584304739168,161.5684101584308,175.18281252687476
215,157.0,111.27623456176538,90.78877148489647,131.76369763863428,103.82783190841077,82.0082730525181,125.64739076430342,113.27760128094127,84.25007006324232,142.30513249864018,108.1421880626058,71.35925965468797,144.92511647052362,121.68178773942621
216,181.0,139.22146362314385,119.01122693295615,159.4317003133316,132.20564210973475,110.64681494364073,153.76446927582876,139.2160191871489,110.66021923462851,167.77181913966925,132.41372369133023,95.86568285129367,168.9617645313668,159.2827640939999
217,137.0,140.554346313089,120.41334968792087,160.6953429382572,133.9822259416876,112.44439884957124,155.52005303380398,139.93617898367847,111.44624637183898,168.42611159551797,134.06545867853177,97.54252647593924,170.5883908811243,155.08961975203405
218,159.0,121.81504935162549,101.43164970205818,142.1984490011928,121.61900911119396,99.81906797917831,143.4189502432096,123.21927677331607,94.305131850049,152.13342169658316,120.29869866849118,83.47744670934465,157.11995062763776,135.80246595912692
219,161.0,136.61889517628157,116.4829747965614,156.75481555600174,130.15255496641612,108.55351239395814,151.75159753887405,132.85788170186825,104.28801804472872,161.4277453590078,130.55508456011157,93.99144051821736,167.11872860200577,151.81185824776685
220,160.0,140.80866013060913,120.69697137502578,160.92034888619247,133.69250984175414,112.16693266884535,155.21808701466296,139.166318133023,110.69772323914805,167.63491302689792,134.58054632921295,98.07127918745356,171.08981347097233,155.88596274574175
221,182.0,156.94764779766183,136.73433234076424,177.16096325455945,153.34814822048384,131.7947823301008,174.90151411086694,155.019874079175,126.42235288117693,183.61739527717307,150.38881372726203,113.8068563100634,186.9707711444607,183.31025036952798
222,136.0,138.9349534070559,118.61934743635986,159.25055937775193,146.83239355498455,125.23776732090255,168.42701978906655,147.38703695007462,118.73753118862258,176.03654271152664,143.36385442662936,106.72243102291783,180.00527783034087,176.49510441542333
223,169.0,150.1211906368346,129.90139865499734,170.34098261867186,151.33054570263255,129.77323385410193,172.88785755116314,153.3941513550177,124.78164913859094,182.00665357144445,148.35584504485897,111.76788955331853,184.9438005363994,177.36772925045764
224,169.0,153.45148295519942,133.2945721526482,173.60839375775063,152.1666875507271,130.61800674539066,173.71536835606352,152.58595460648672,124.04777491096827,181.1241343020052,149.3724212259682,112.8003094444949,185.94453300744146,176.9049362818852
225,157.0,150.8206541805467,130.5570338104259,171.0842745506675,150.37803517667564,128.82173079118755,171.93433956216373,152.60365983344676,123.96611859926371,181.2412010676298,147.66122327657564,111.06415818121485,184.25828837193643,176.69787987310872
226,225.0,156.79775244869145,136.57818928558885,177.01731561179406,152.6685525395315,131.13102678805544,174.20607829100754,155.06478283686064,126.45941919860032,183.67014647512093,150.5949800728018,114.02312880660695,187.16683133899664,181.74388305335123
227,183.0,153.45347456237627,133.10584570701866,173.80110341773386,148.7141758383086,127.17347200135283,170.25487967526433,153.1868825733021,124.4642361720014,181.9095289746028,147.66575569075627,111.07708952604527,184.2544218554673,180.348044615993
228,133.0,150.48934418853665,130.15668938721916,170.82199898985414,148.64431326784162,127.09154498893676,170.1970815467465,152.63952823515868,123.93662342806107,181.3424330422563,146.89696336740062,110.29855110996048,183.49537562484073,180.81615878174674
229,135.0,138.21797239348584,118.07218973132365,158.363755055648,132.199105565945,110.65783932914552,153.74037180274448,139.63227050076395,111.12889337040495,168.13564763112294,133.2047934260818,96.68615950194317,169.72342735022045,177.8659328881108
230,130.0,143.31295751208265,123.18767286218726,163.43824216197808,133.31594733598496,111.7897608374226,154.84213383454727,139.44694845853624,110.97397836472027,167.91991855235224,134.82572869416862,98.31936071093489,171.33209667740235,173.00470060765664
231,122.0,137.47183255863862,117.50145876143536,157.4422063558419,135.15392098655028,113.61656308750959,156.69127888559095,137.47550592188293,109.14178895908759,165.8092228846783,133.76067749076176,97.26000699746292,170.26134798406056,176.04026699067884
232,131.0,143.25432704135702,123.04420852781836,163.46444555489566,133.46550368654334,111.91464329182332,155.01636408126333,141.7129748660213,113.14357956568014,170.28237016636248,134.52807416896178,97.99811934571419,171.0580289922094,171.45256664247543
233,135.0,142.35628812529305,122.19544136759173,162.51713488299438,132.60045306161808,111.06860251251,154.13230361072618,139.33557685436006,110.83385716110575,167.8372965476144,133.98054001399922,97.46505775379654,170.49602227420192,162.48957085465995
234,106.0,131.71344999346377,111.52351179377922,151.90338819314837,131.43120778357982,109.8759039072518,152.98651165990788,137.9905402400349,109.47224291951133,166.50883756055848,131.71538006142444,95.17274775599013,168.25801236685876,177.02997797134987
235,124.0,129.32017562768675,109.12273172515927,149.5176195302142,130.17075159104093,108.59758058991596,151.7439225921659,135.41081962193806,106.8964229164826,163.9252163273935,129.91267161482278,93.34567599444196,166.4796672352036,175.2091574391269
236,122.0,124.29713425210133,103.96995435056208,144.62431415364057,124.93044943379041,103.2651845945811,146.59571427299971,129.82988908907853,101.06732858144744,158.59244959670963,126.11765801226629,89.47593742117566,162.7593786033569,153.81850864237265
237,116.0,139.20474494481832,119.05915610359878,159.35033378603788,132.93516045140004,111.40736885376,154.46295204904007,139.74177829282513,111.23888227964274,168.2446743060075,134.20399321145757,97.69089490987284,170.71709151304228,176.91308461272627
238,163.0,140.7663630452236,120.55090894790483,160.98181714254238,135.83836691672263,114.26901130536487,157.4077225280804,143.66132570457773,115.03220309962654,172.2904483095289,136.12456732765767,99.57946544857562,172.66966920673974,179.98314254702052
239,116.0,119.60949519197356,99.4625945735471,139.75639581040002,131.57296250664834,109.95939909458642,153.18652591871032,129.05043509803764,100.55875298043748,157.54211721563786,126.55862135255954,89.93875490207387,163.17848780304524,173.0521542325047
240,130.0,129.8315563219844,109.67157296410716,149.99153967986166,112.49513490599294,90.89199919897975,134.09827061300612,124.55432993871095,96.04466990994946,153.0639899674724,116.90979154574843,80.35873297741514,153.46085011408172,170.92852289727412
241,99.0,127.84067942067745,107.35280872452547,148.32855011682943,99.95727759269519,78.21699354626061,121.69756163912976,120.34338263379443,91.43287280816872,149.25389245942017,108.6840544902031,72.03209782451357,145.3360111558926,138.09818032819962
242,103.0,129.5334921553924,109.28992604265497,149.77705826812982,113.22181929326969,91.6314215321162,134.81221705442323,126.08542978392146,97.50050348949037,154.67035607835254,118.33061644842671,81.7849038596545,154.87632903719893,170.0021899213485
243,123.0,138.243444132677,118.10146769147089,158.38542057388315,131.65181334545528,110.0854490492364,153.2181776416742,137.72227517004393,109.21991728539047,166.22463305469742,131.29031480804505,94.74402632253539,167.8366032935547,175.57140883006807
244,129.0,146.15478898919878,126.01730595309614,166.2922720253014,134.96988612433796,113.35179132859754,156.5879809200784,139.61619009002925,111.03384161161247,168.19853856844605,133.03685236660002,96.455829765359,169.617874967841,175.9321605915982
245,162.0,130.75828773104323,110.78313863648724,150.73343682559923,124.33740740996218,102.7437815901026,145.93103322982174,127.34815155420826,98.93477836466316,155.7615247437534,122.66337750828113,86.09471174373682,159.23204327282545,161.39031107604578
246,121.0,122.67180835774235,102.63480005979858,142.70881665568618,107.48894803225389,85.86422565817625,129.11367040633152,117.17955609440979,88.72490470223859,145.63420748658095,110.21137514450433,73.63361353419461,146.78913675481408,161.320253992863
247,93.0,104.46527394416967,84.3414840514103,124.58906383692903,85.1038658621889,63.31766126789115,106.89007045648667,99.68079087299658,71.0120478098085,128.34953393618468,91.34187087619804,54.580885288281344,128.10285646411475,114.88203600823623
248,110.0,111.97139602779399,91.87740164684604,132.06539040874193,89.46851062775215,67.7724719498972,111.1645493056071,103.8921798199986,75.35626699343219,132.42809264656503,96.96435823343333,60.317183684837865,133.6115327820288,119.21354756264238
249,89.0,117.40205507232669,97.21513705505717,137.5889730895962,88.59762168184412,66.88718135767341,110.30806200601482,103.77674889050203,75.18621099522419,132.3672867857799,97.43173183890514,60.76579260906871,134.0976710687416,121.53337280084203
250,83.0,111.11837471019594,91.00292422507208,131.2338251953198,89.95146541428733,68.22854090978302,111.67438991879163,105.6900659048575,77.1060751395,134.274056670215,97.18782397114705,60.52688680546188,133.84876113683222,124.60707440663313
251,175.0,111.31729817419772,91.2011883320893,131.43340801630612,89.56064988570945,67.86052373026962,111.26077604114928,104.64847821423957,76.09585755023191,133.20109887824722,97.30248228225827,60.65424181587178,133.95072274864475,126.24641473215516
252,104.0,120.60407291412817,100.25626734207862,140.9518784861777,92.62924890503359,70.86479990869093,114.39369790137626,112.8025590273818,84.01741048993601,141.5877075648276,102.43960409067363,65.75155950418115,139.12764867716612,127.65957186528445
253,104.0,123.83282422693746,103.41313055265445,144.25251790122044,89.82524881472372,68.0923585981976,111.55813903124982,109.89968644479629,81.16581725568629,138.6335556339063,101.11766498955966,64.42795739950958,137.80737257960973,132.36572632473084
254,89.0,114.36997923078596,94.23338508552813,134.50657337604378,88.31219645394421,66.5955148811006,110.02887802678781,102.80432722507716,74.22097903801064,131.3876754121437,96.89913072927145,60.221117436249465,133.57714402229342,132.91317880143953
255,86.0,110.25019743747713,89.96603444070209,130.53436043425216,86.29578132949295,64.50519188447173,108.0863707745142,105.803244411417,77.06044268081801,134.54604614201597,95.6668841141557,58.94283952916171,132.3909286991497,171.43443910449668
256,91.0,116.6579716795563,96.30037731968034,137.01556603943223,87.15119462115027,65.40707197246822,108.89531726983232,106.98581007273418,78.24296524603173,135.72865489943663,97.98469515006347,61.29593158020455,134.6734587199224,130.90462290371065
257,75.0,112.92008739476228,92.66050842706224,133.1796663624623,88.01267667220785,66.28548002758012,109.73987331683556,105.4175958195929,76.72774209748223,134.10744954170355,98.14561496661703,61.46899940391667,134.8222305293174,129.88307569032887
258,191.0,73.0074046181403,49.88013464633936,96.13467458994126,130.81635530533057,108.9238288030006,152.7088818076605,133.1563831612175,103.5974049479621,162.71536137447288,124.85397388237557,87.8263115557249,161.8816362090262,161.57879252735654
259,76.0,60.69463084823455,37.16611574533718,84.22314595113193,107.15747940199954,85.09743583524977,129.2175229687493,119.15364685596948,89.2611829005204,149.04611081141854,105.21414199409516,67.96841302783338,142.45987096035694,163.41373133200852
260,109.0,60.767379054165445,37.11325913471895,84.42149897361193,114.99788318400569,93.04090331870954,136.95486304930185,126.63300516367029,96.76969343122347,156.4963168961171,112.34266401925889,75.31364144096051,149.3716865975573,165.4705953061811
261,109.0,60.753275514050515,37.71957067792567,83.78698035017537,105.30392111714221,83.33938096739546,127.26846126688898,117.37456940593914,87.8963797621511,146.8527590497272,104.96285862247507,67.83488285494056,142.09083439000958,168.1525353774702
262,107.0,92.51292489965533,71.32931783003315,113.69653196927752,118.26865860021337,96.67188211630724,139.86543508411947,131.20261850225944,102.21550044244418,160.1897365620747,121.33680623680877,84.71750573424613,157.95610673937142,170.82895476308929
263,112.0,83.83564492062058,62.188747747285866,105.4825420939553,114.76426805601797,93.09098651656753,136.4375495954684,127.42629865096433,98.325628287633,156.52696901429562,116.83198503642029,80.11164642644671,153.55232364639386,169.39092341422685
264,116.0,86.66536072998566,65.2897554243959,108.04096603557541,115.26653640655367,93.63746812466933,136.89560468843797,127.69776321540081,98.70713359329432,156.6883928375073,118.12391813833828,81.46678646016063,154.78104981651595,169.3519954068514
265,88.0,56.9421014331497,34.47808832611173,79.40611454018767,91.17851117390931,69.29547379758397,113.06154855023465,108.10118261503278,78.67955429266082,137.52281093740476,96.65232063965055,59.726219114224826,133.5784221650763,163.36912946058865
266,125.0,67.53734920956673,45.373440046951394,89.70125837218207,95.20261147886983,73.37857627604298,117.02664668169666,113.87513176421321,84.46568310757588,143.28458042085052,100.28678420824538,63.44293046595766,137.1306379505331,164.88450469951522
267,101.0,66.29100910838292,44.16036812546199,88.42165009130386,98.07496516651572,76.31917562265993,119.83075471037151,116.2205512494016,86.89021301880138,145.5508894800018,103.40005445618144,66.62954227236204,140.17056664000083,165.56786301754053
268,69.0,55.08423303594634,32.397240688223214,77.77122538366946,91.49162768918606,69.5710925865345,113.41216279183762,107.72778741270345,78.28855488775045,137.16701993765648,95.28681675590836,58.28971775477662,132.2839157570401,161.64125437588527
269,77.0,59.74355600959008,37.08530880618934,82.40180321299081,91.31697983022313,69.31794748493029,113.316012175516,108.50420338188457,78.9281398475058,138.08026691626333,93.95414296899433,56.877381258328555,131.03090467966013,162.272550550181
270,80.0,85.15639693858164,63.76477840273796,106.54801547442531,97.61378097029625,75.90310300514528,119.32445893544724,117.41912692275271,88.08474536739888,146.75350847810654,105.00542489396943,68.30858671253891,141.70226307539994,164.8704797115426
271,90.0,96.67592318960902,75.84379805265011,117.50804832656793,81.23930026177202,59.215081198591186,103.26351932495284,100.99584607987993,71.73340284715901,130.25828931260085,89.00884327636918,51.975855400783786,126.04183115195458,167.06033098310837
272,84.0,87.80986452142758,66.64614596742854,108.97358307542663,81.22220843269059,59.147460607103866,103.29695625827733,101.58104795046248,72.18539950692492,130.97669639400004,88.3351523505829,51.229686904955834,125.44061779620996,168.41994958367482
273,84.0,86.63149321912367,65.59057950731616,107.67240693093117,83.15885553093582,61.142725572872116,105.17498548899954,101.57082861297067,72.32468260443893,130.8169746215024,89.1509740370838,52.10031672898396,126.20163134518363,166.229023580305
274,84.0,62.41523152270515,40.0762293015885,84.7542337438218,82.6085891756817,60.3894907479207,104.82768760344271,98.73785870244629,69.02252721481935,128.45319019007323,85.03088237091059,47.61665383041687,122.4451109114043,160.2737838117844
275,83.0,54.15407120326226,31.001463383837397,77.30667902268715,85.8285241629847,63.61269469776803,108.0443536282014,104.08791478967895,74.16412157648372,134.01170800287414,87.97683107914804,50.59602848728962,125.35763367100645,162.51181909307908
276,109.0,99.94452936163349,78.95359865607597,120.93546006719099,105.66112784526183,83.9875453508819,127.33471033964176,124.02492505826228,94.89470543596218,153.15514468056236,111.84510790596008,75.19426806068972,148.49594775123043,170.76973565763097
277,101.0,101.27409997521598,80.48611454403756,122.0620854063944,100.40775295387427,78.68689984586828,122.12860606188025,117.19688231052676,88.20898971587157,146.18477490518194,106.79127183063594,70.09673710422999,143.48580655704185,169.19082667985975
278,88.0,89.50441219312887,68.29343771786456,110.71538666839315,105.9448869651278,84.27461313528316,127.61516079497243,123.24853725734938,94.14516378063381,152.35191073406497,111.41783196036323,74.76022896957222,148.07543495115425,170.4077533977949
279,102.0,96.00346149035681,74.96523118467145,117.04169179604216,108.98526405746726,87.34226172555105,130.6282663893835,126.68243213489491,97.57608085470316,155.78878341508667,114.81258348912966,78.18854262859746,151.43662434966188,171.77038583454316
280,85.0,71.93514043614879,49.999285110325246,93.87099576197235,98.89460574958497,77.0969347086567,120.69227679051322,118.66218016714598,89.29123901774452,148.0331213165474,104.42400077564956,67.65305862691521,141.1949429243839,170.58773938851374
281,80.0,94.52850792471142,73.56591622434193,115.49109962508092,101.8812989405476,80.1945330295487,123.56806485154648,121.7606119509145,92.61957519664497,150.90164870518402,109.02952802748615,72.39163976518527,145.66741628978707,170.32297953796945
282,93.0,88.91752654360324,68.04662497881253,109.78842810839396,100.97368266001293,79.3164686427991,122.63089667722674,118.44712585820913,89.54946511446944,147.34478660194884,107.34416316990968,70.73361867179618,143.9547076680232,168.39104108781234
283,92.0,74.61500021334629,53.005276720728084,96.2247237059645,104.12396031389525,82.43436012538466,125.81356050240583,120.54138475806414,91.45093170350981,149.63183781261847,108.51186687555297,71.8375848561499,145.18614889495603,167.87323374191854
284,94.0,97.90589858607626,77.24116952652084,118.57062764563167,104.83256529825229,83.234671648958,126.43045894754658,121.60640029508826,92.7022704310836,150.5105301590929,111.76480032192036,75.1919133833762,148.33768726046452,167.02122655997874
285,103.0,97.08748833222143,76.42231684825832,117.75265981618453,101.48239764140062,79.8586508553407,123.10614442746056,119.5465068969462,90.63599335168966,148.45702044220278,109.14031960880548,72.55429565927871,145.72634355833225,167.76489988497744
286,100.0,99.13550785489635,78.55094297665612,119.72007273313659,103.89920738762939,82.29461441208618,125.5038003631726,121.05829776391018,92.20493098970698,149.91166453811334,110.97297553802152,74.40544058239925,147.54051049364375,167.39155642020557
287,112.0,96.25419529286708,75.64493864861724,116.86345193711692,101.97523919234978,80.36484226942646,123.58563611527309,118.3606513791312,89.52760975161516,147.1936930066472,109.09728329406111,72.52197576555649,145.67259082256575,165.57377467466978
288,106.0,96.04630517949053,75.3504677153328,116.7421426436483,102.57626512645642,80.96867712136815,124.1838531315447,119.50827313298265,90.57361654080809,148.4429297251572,109.8709097120454,73.2885672482796,146.4532521758112,165.34757077160913
289,89.0,75.50030201346758,54.45643307671224,96.5441709502229,80.77854280398742,58.994544546280494,102.56254106169433,102.67127324588304,73.54864866550692,131.79389782625915,91.46138205944105,54.73275923395768,128.1900048849244,162.11014171080018
290,102.0,72.4480618872991,51.382235566549156,93.51388820804905,80.18556269975232,58.398903836649865,101.97222156285476,101.73540175003117,72.69077663439228,130.78002686567007,90.3965818986702,53.667484929009056,127.12567886833138,162.4378653441569
291,126.0,71.84204064401165,50.67853874086418,93.00554254715914,79.171192860885,57.332198768458454,101.01018695331155,101.58602759794192,72.50623904416027,130.6658161517236,88.88826794580062,52.11346381768726,125.66307207391398,164.92669130957916
292,81.0,67.14777334653145,45.67485635677499,88.62069033628792,80.10445660195145,58.21680847312053,101.9921047307824,103.12427819629438,73.92272412489432,132.32583226769444,89.03984849577596,52.22339438357235,125.85630260797957,166.5258071242871
293,75.0,58.576363091215676,36.93145849236661,80.22126769006472,75.30737693022684,53.37150312306035,97.24325073739332,95.06520058096746,65.74365653494883,124.38674462698607,84.72874469374008,47.82243375255537,121.63505563492478,159.01544332471525
294,92.0,75.37059306061217,54.01656172968293,96.72462439154141,102.92675877501165,81.28453557575124,124.56898197427205,118.50003425998479,89.57547545417783,147.42459306579173,107.99630230696168,71.37107862965289,144.62152598427048,166.09328414105013
295,152.0,103.19847811558736,81.95079604901318,124.44616018216156,139.9579612545325,118.38974668246335,161.52617582660164,146.91797399839635,117.775573397481,176.0603745993117,139.19860921320208,102.51082037149621,175.88639805490791,171.50909278587665
